return_id,return_date,client_id,material_id,quantity_returned,reason,supplier_id_traced,model_probability,top3,source,supplier_attributed,confidence,model_agrees
RET-0000,2023-11-02,Client-000,SS Sheets,4.57,Weight short,,0.22008614149240027,"[{""supplier_id"": ""VS12"", ""p"": 0.2201}, {""supplier_id"": ""VS19"", ""p"": 0.1804}, {""supplier_id"": ""VS03"", ""p"": 0.175}]",inferred,VS12,0.22008614149240027,
RET-0001,2021-10-25,Client-058,MS Flats,3.46,Wrong dimensions,,0.20945511683032655,"[{""supplier_id"": ""VS03"", ""p"": 0.2095}, {""supplier_id"": ""VS19"", ""p"": 0.2011}, {""supplier_id"": ""VS12"", ""p"": 0.1537}]",inferred,VS03,0.20945511683032655,
RET-0002,2022-03-13,Client-047,MS Sheets,4.12,Bend/warp,VS12,0.1989028546293546,"[{""supplier_id"": ""VS03"", ""p"": 0.1989}, {""supplier_id"": ""VS19"", ""p"": 0.1891}, {""supplier_id"": ""VS12"", ""p"": 0.1574}]",recorded,VS12,1.0,0.0
RET-0003,2021-09-05,Client-068,GI Pipes,3.43,Bend/warp,VS04,0.20791799422606022,"[{""supplier_id"": ""VS19"", ""p"": 0.2079}, {""supplier_id"": ""VS12"", ""p"": 0.177}, {""supplier_id"": ""VS03"", ""p"": 0.1722}]",recorded,VS04,1.0,0.0
RET-0004,2021-06-14,Client-027,ERW Pipes,3.38,Weight short,,0.2149037240268297,"[{""supplier_id"": ""VS19"", ""p"": 0.2149}, {""supplier_id"": ""VS03"", ""p"": 0.1885}, {""supplier_id"": ""VS12"", ""p"": 0.1738}]",inferred,VS19,0.2149037240268297,
RET-0005,2021-11-27,Client-052,Angles & Channels,1.42,Wrong dimensions,VS03,0.20169940679836787,"[{""supplier_id"": ""VS19"", ""p"": 0.2017}, {""supplier_id"": ""VS03"", ""p"": 0.1956}, {""supplier_id"": ""VS12"", ""p"": 0.1921}]",recorded,VS03,1.0,0.0
RET-0006,2023-06-11,Client-039,CR Sheets,3.84,Bend/warp,,0.22691489697082615,"[{""supplier_id"": ""VS12"", ""p"": 0.2269}, {""supplier_id"": ""VS19"", ""p"": 0.1923}, {""supplier_id"": ""VS03"", ""p"": 0.1575}]",inferred,VS12,0.22691489697082615,
RET-0007,2023-07-02,Client-024,Angles & Channels,1.49,Bend/warp,VS12,0.2160343583449155,"[{""supplier_id"": ""VS12"", ""p"": 0.216}, {""supplier_id"": ""VS19"", ""p"": 0.191}, {""supplier_id"": ""VS03"", ""p"": 0.1637}]",recorded,VS12,1.0,1.0
RET-0008,2022-07-24,Client-001,SS Pipes,0.87,Weight short,VS12,0.21382625515693723,"[{""supplier_id"": ""VS19"", ""p"": 0.2138}, {""supplier_id"": ""VS12"", ""p"": 0.1736}, {""supplier_id"": ""VS03"", ""p"": 0.1478}]",recorded,VS12,1.0,0.0
RET-0009,2023-01-22,Client-043,GI Sheets,1.86,Edge damage,VS32,0.2068915875767777,"[{""supplier_id"": ""VS19"", ""p"": 0.2069}, {""supplier_id"": ""VS12"", ""p"": 0.2}, {""supplier_id"": ""VS03"", ""p"": 0.1603}]",recorded,VS32,1.0,0.0
RET-0010,2023-11-07,Client-007,MS Flats,1.38,Surface rust,VS12,0.21675245882295277,"[{""supplier_id"": ""VS12"", ""p"": 0.2168}, {""supplier_id"": ""VS19"", ""p"": 0.1974}, {""supplier_id"": ""VS03"", ""p"": 0.1408}]",recorded,VS12,1.0,1.0
RET-0011,2022-11-23,Client-021,MS Sheets,3.84,Surface rust,VS34,0.20825318049843905,"[{""supplier_id"": ""VS12"", ""p"": 0.2083}, {""supplier_id"": ""VS19"", ""p"": 0.1956}, {""supplier_id"": ""VS03"", ""p"": 0.1482}]",recorded,VS34,1.0,0.0
RET-0012,2021-08-21,Client-029,MS Rods,0.2,Edge damage,,0.19772009110370659,"[{""supplier_id"": ""VS03"", ""p"": 0.1977}, {""supplier_id"": ""VS19"", ""p"": 0.1867}, {""supplier_id"": ""VS12"", ""p"": 0.1789}]",inferred,VS03,0.19772009110370659,
RET-0013,2021-11-01,Client-037,Structural Steel,3.25,Weight short,,0.20142143779499985,"[{""supplier_id"": ""VS19"", ""p"": 0.2014}, {""supplier_id"": ""VS03"", ""p"": 0.1977}, {""supplier_id"": ""VS12"", ""p"": 0.1751}]",inferred,VS19,0.20142143779499985,
RET-0014,2021-11-24,Client-067,SS Sheets,2.2,Bend/warp,VS12,0.1969038947884312,"[{""supplier_id"": ""VS12"", ""p"": 0.1969}, {""supplier_id"": ""VS03"", ""p"": 0.1929}, {""supplier_id"": ""VS19"", ""p"": 0.1827}]",recorded,VS12,1.0,1.0
RET-0015,2022-09-01,Client-058,GI Pipes,0.73,Edge damage,VS12,0.2056804920503146,"[{""supplier_id"": ""VS19"", ""p"": 0.2057}, {""supplier_id"": ""VS03"", ""p"": 0.184}, {""supplier_id"": ""VS12"", ""p"": 0.1807}]",recorded,VS12,1.0,0.0
RET-0016,2023-04-16,Client-019,CR Sheets,3.96,Edge damage,VS31,0.22027116328502247,"[{""supplier_id"": ""VS12"", ""p"": 0.2203}, {""supplier_id"": ""VS19"", ""p"": 0.1939}, {""supplier_id"": ""VS03"", ""p"": 0.167}]",recorded,VS31,1.0,0.0
RET-0017,2022-04-08,Client-052,SS Sheets,2.31,Edge damage,VS03,0.1914163701964263,"[{""supplier_id"": ""VS03"", ""p"": 0.1914}, {""supplier_id"": ""VS12"", ""p"": 0.1897}, {""supplier_id"": ""VS19"", ""p"": 0.1805}]",recorded,VS03,1.0,1.0
RET-0018,2021-03-16,Client-071,GI Pipes,1.53,Wrong dimensions,VS29,0.20618034459003923,"[{""supplier_id"": ""VS12"", ""p"": 0.2062}, {""supplier_id"": ""VS19"", ""p"": 0.2061}, {""supplier_id"": ""VS03"", ""p"": 0.0862}]",recorded,VS29,1.0,0.0
RET-0019,2022-01-04,Client-033,HR Coils,0.74,Wrong dimensions,VS19,0.20375160004968063,"[{""supplier_id"": ""VS19"", ""p"": 0.2038}, {""supplier_id"": ""VS12"", ""p"": 0.1818}, {""supplier_id"": ""VS03"", ""p"": 0.1804}]",recorded,VS19,1.0,1.0
RET-0020,2023-06-17,Client-006,Angles & Channels,4.84,Wrong dimensions,,0.21796885863435145,"[{""supplier_id"": ""VS12"", ""p"": 0.218}, {""supplier_id"": ""VS19"", ""p"": 0.1929}, {""supplier_id"": ""VS03"", ""p"": 0.1645}]",inferred,VS12,0.21796885863435145,
RET-0021,2021-06-26,Client-060,MS Pipes,2.86,Grade mismatch,,0.19407034759542197,"[{""supplier_id"": ""VS19"", ""p"": 0.1941}, {""supplier_id"": ""VS12"", ""p"": 0.1853}, {""supplier_id"": ""VS03"", ""p"": 0.1846}]",inferred,VS19,0.19407034759542197,
RET-0022,2022-07-19,Client-048,HR Coils,1.82,Surface rust,VS12,0.2117584021351328,"[{""supplier_id"": ""VS12"", ""p"": 0.2118}, {""supplier_id"": ""VS19"", ""p"": 0.1867}, {""supplier_id"": ""VS03"", ""p"": 0.1833}]",recorded,VS12,1.0,1.0
RET-0023,2022-05-02,Client-035,SS Sheets,0.37,Bend/warp,VS12,0.19378698709064537,"[{""supplier_id"": ""VS12"", ""p"": 0.1938}, {""supplier_id"": ""VS19"", ""p"": 0.1831}, {""supplier_id"": ""VS03"", ""p"": 0.1703}]",recorded,VS12,1.0,1.0
RET-0024,2023-12-19,Client-027,MS Pipes,0.45,Edge damage,,0.21587100299954684,"[{""supplier_id"": ""VS12"", ""p"": 0.2159}, {""supplier_id"": ""VS03"", ""p"": 0.1768}, {""supplier_id"": ""VS19"", ""p"": 0.1762}]",inferred,VS12,0.21587100299954684,
RET-0025,2022-12-05,Client-069,SS Sheets,3.77,Edge damage,VS12,0.21773574853718708,"[{""supplier_id"": ""VS12"", ""p"": 0.2177}, {""supplier_id"": ""VS19"", ""p"": 0.1939}, {""supplier_id"": ""VS03"", ""p"": 0.1801}]",recorded,VS12,1.0,1.0
RET-0026,2022-11-29,Client-015,MS Pipes,0.86,Wrong dimensions,,0.23387914905484017,"[{""supplier_id"": ""VS12"", ""p"": 0.2339}, {""supplier_id"": ""VS19"", ""p"": 0.1972}, {""supplier_id"": ""VS03"", ""p"": 0.1138}]",inferred,VS12,0.23387914905484017,
RET-0027,2021-08-25,Client-019,SS Pipes,0.56,Edge damage,VS12,0.2277393554749756,"[{""supplier_id"": ""VS19"", ""p"": 0.2277}, {""supplier_id"": ""VS03"", ""p"": 0.1599}, {""supplier_id"": ""VS12"", ""p"": 0.1542}]",recorded,VS12,1.0,0.0
RET-0028,2022-11-16,Client-070,CR Sheets,2.58,Wrong dimensions,VS12,0.2369309152330681,"[{""supplier_id"": ""VS12"", ""p"": 0.2369}, {""supplier_id"": ""VS03"", ""p"": 0.1662}, {""supplier_id"": ""VS19"", ""p"": 0.1162}]",recorded,VS12,1.0,1.0
RET-0029,2023-08-22,Client-003,GI Pipes,2.28,Grade mismatch,VS12,0.22102214649827337,"[{""supplier_id"": ""VS12"", ""p"": 0.221}, {""supplier_id"": ""VS03"", ""p"": 0.1784}, {""supplier_id"": ""VS19"", ""p"": 0.1722}]",recorded,VS12,1.0,1.0
RET-0030,2021-03-12,Client-027,MS Rods,1.01,Bend/warp,,0.192461307443657,"[{""supplier_id"": ""VS19"", ""p"": 0.1925}, {""supplier_id"": ""VS12"", ""p"": 0.1805}, {""supplier_id"": ""VS03"", ""p"": 0.1785}]",inferred,VS19,0.192461307443657,
RET-0031,2022-07-07,Client-057,GI Sheets,0.85,Bend/warp,VS12,0.19866857388866002,"[{""supplier_id"": ""VS19"", ""p"": 0.1987}, {""supplier_id"": ""VS12"", ""p"": 0.1876}, {""supplier_id"": ""VS03"", ""p"": 0.1752}]",recorded,VS12,1.0,0.0
RET-0032,2021-05-18,Client-061,CR Sheets,2.62,Edge damage,VS03,0.21262553924028568,"[{""supplier_id"": ""VS03"", ""p"": 0.2126}, {""supplier_id"": ""VS19"", ""p"": 0.1949}, {""supplier_id"": ""VS12"", ""p"": 0.1685}]",recorded,VS03,1.0,1.0
RET-0033,2022-06-09,Client-063,Fasteners & Fittings,2.52,Weight short,,0.2110400942530485,"[{""supplier_id"": ""VS12"", ""p"": 0.211}, {""supplier_id"": ""VS03"", ""p"": 0.1862}, {""supplier_id"": ""VS19"", ""p"": 0.1846}]",inferred,VS12,0.2110400942530485,
RET-0034,2022-02-25,Client-049,GI Wire,2.87,Surface rust,VS13,0.20743067625829106,"[{""supplier_id"": ""VS12"", ""p"": 0.2074}, {""supplier_id"": ""VS19"", ""p"": 0.2058}, {""supplier_id"": ""VS03"", ""p"": 0.1658}]",recorded,VS13,1.0,0.0
RET-0035,2022-10-08,Client-075,Angles & Channels,2.77,Wrong dimensions,VS03,0.21638506934508533,"[{""supplier_id"": ""VS12"", ""p"": 0.2164}, {""supplier_id"": ""VS19"", ""p"": 0.2005}, {""supplier_id"": ""VS03"", ""p"": 0.1719}]",recorded,VS03,1.0,0.0
RET-0036,2023-02-12,Client-067,Fasteners & Fittings,0.91,Wrong dimensions,VS10,0.20683408294757624,"[{""supplier_id"": ""VS12"", ""p"": 0.2068}, {""supplier_id"": ""VS19"", ""p"": 0.2009}, {""supplier_id"": ""VS03"", ""p"": 0.1736}]",recorded,VS10,1.0,0.0
RET-0037,2021-03-08,Client-013,ERW Pipes,1.65,Edge damage,VS12,0.206622962567604,"[{""supplier_id"": ""VS03"", ""p"": 0.2066}, {""supplier_id"": ""VS19"", ""p"": 0.1805}, {""supplier_id"": ""VS12"", ""p"": 0.1622}]",recorded,VS12,1.0,0.0
RET-0038,2022-01-05,Client-069,Structural Steel,4.17,Bend/warp,VS29,0.19855642150897093,"[{""supplier_id"": ""VS19"", ""p"": 0.1986}, {""supplier_id"": ""VS03"", ""p"": 0.1981}, {""supplier_id"": ""VS12"", ""p"": 0.1913}]",recorded,VS29,1.0,0.0
RET-0039,2023-02-09,Client-026,MS Flats,0.45,Edge damage,VS13,0.20281153463653137,"[{""supplier_id"": ""VS12"", ""p"": 0.2028}, {""supplier_id"": ""VS19"", ""p"": 0.1882}, {""supplier_id"": ""VS03"", ""p"": 0.155}]",recorded,VS13,1.0,0.0
RET-0040,2022-05-12,Client-038,SS Pipes,4.1,Weight short,VS14,0.21667875256834054,"[{""supplier_id"": ""VS19"", ""p"": 0.2167}, {""supplier_id"": ""VS03"", ""p"": 0.1601}, {""supplier_id"": ""VS12"", ""p"": 0.1474}]",recorded,VS14,1.0,0.0
RET-0041,2021-06-10,Client-048,GI Wire,1.87,Surface rust,,0.21911646547260316,"[{""supplier_id"": ""VS19"", ""p"": 0.2191}, {""supplier_id"": ""VS03"", ""p"": 0.1792}, {""supplier_id"": ""VS12"", ""p"": 0.1768}]",inferred,VS19,0.21911646547260316,
RET-0042,2021-03-13,Client-063,MS Pipes,2.69,Weight short,VS11,0.21158926168387868,"[{""supplier_id"": ""VS03"", ""p"": 0.2116}, {""supplier_id"": ""VS12"", ""p"": 0.1836}, {""supplier_id"": ""VS19"", ""p"": 0.1384}]",recorded,VS11,1.0,0.0
RET-0043,2023-01-31,Client-007,Hex Bars,3.87,Weight short,,0.21654327915007623,"[{""supplier_id"": ""VS12"", ""p"": 0.2165}, {""supplier_id"": ""VS19"", ""p"": 0.2027}, {""supplier_id"": ""VS03"", ""p"": 0.1444}]",inferred,VS12,0.21654327915007623,
RET-0044,2021-10-14,Client-006,MS Flats,4.39,Bend/warp,,0.2112762923819843,"[{""supplier_id"": ""VS19"", ""p"": 0.2113}, {""supplier_id"": ""VS03"", ""p"": 0.2054}, {""supplier_id"": ""VS12"", ""p"": 0.1538}]",inferred,VS19,0.2112762923819843,
RET-0045,2021-02-05,Client-049,MS Flats,4.93,Wrong dimensions,,0.21987059943895024,"[{""supplier_id"": ""VS03"", ""p"": 0.2199}, {""supplier_id"": ""VS12"", ""p"": 0.1588}, {""supplier_id"": ""VS19"", ""p"": 0.0498}]",inferred,VS03,0.21987059943895024,
RET-0046,2023-09-15,Client-036,MS Sheets,3.41,Bend/warp,VS32,0.19307164527362658,"[{""supplier_id"": ""VS12"", ""p"": 0.1931}, {""supplier_id"": ""VS03"", ""p"": 0.1836}, {""supplier_id"": ""VS19"", ""p"": 0.1815}]",recorded,VS32,1.0,0.0
RET-0047,2022-02-01,Client-040,MS Rods,1.05,Surface rust,VS31,0.2030410531025261,"[{""supplier_id"": ""VS19"", ""p"": 0.203}, {""supplier_id"": ""VS12"", ""p"": 0.1987}, {""supplier_id"": ""VS03"", ""p"": 0.1783}]",recorded,VS31,1.0,0.0
RET-0048,2023-01-13,Client-068,MS Sheets,2.51,Edge damage,,0.2075881196185855,"[{""supplier_id"": ""VS19"", ""p"": 0.2076}, {""supplier_id"": ""VS12"", ""p"": 0.1999}, {""supplier_id"": ""VS03"", ""p"": 0.1535}]",inferred,VS19,0.2075881196185855,
RET-0049,2022-11-27,Client-039,Fasteners & Fittings,4.32,Weight short,,0.20497461674832682,"[{""supplier_id"": ""VS12"", ""p"": 0.205}, {""supplier_id"": ""VS03"", ""p"": 0.1832}, {""supplier_id"": ""VS19"", ""p"": 0.1795}]",inferred,VS12,0.20497461674832682,
RET-0050,2022-08-02,Client-034,ERW Pipes,1.65,Edge damage,VS25,0.17828076779707602,"[{""supplier_id"": ""VS12"", ""p"": 0.1783}, {""supplier_id"": ""VS19"", ""p"": 0.1744}, {""supplier_id"": ""VS03"", ""p"": 0.1662}]",recorded,VS25,1.0,0.0
RET-0051,2023-03-29,Client-070,MS Sheets,1.46,Grade mismatch,VS13,0.2183578760323972,"[{""supplier_id"": ""VS12"", ""p"": 0.2184}, {""supplier_id"": ""VS19"", ""p"": 0.1974}, {""supplier_id"": ""VS03"", ""p"": 0.1601}]",recorded,VS13,1.0,0.0
RET-0052,2021-11-15,Client-009,Structural Steel,4.23,Bend/warp,VS19,0.19981841690619415,"[{""supplier_id"": ""VS19"", ""p"": 0.1998}, {""supplier_id"": ""VS12"", ""p"": 0.1963}, {""supplier_id"": ""VS03"", ""p"": 0.1884}]",recorded,VS19,1.0,1.0
RET-0053,2022-05-14,Client-056,GI Wire,0.39,Edge damage,,0.2123849720925458,"[{""supplier_id"": ""VS19"", ""p"": 0.2124}, {""supplier_id"": ""VS12"", ""p"": 0.1989}, {""supplier_id"": ""VS03"", ""p"": 0.1486}]",inferred,VS19,0.2123849720925458,
RET-0054,2021-12-16,Client-003,Angles & Channels,4.69,Surface rust,VS03,0.2001990901463228,"[{""supplier_id"": ""VS19"", ""p"": 0.2002}, {""supplier_id"": ""VS12"", ""p"": 0.1994}, {""supplier_id"": ""VS03"", ""p"": 0.1938}]",recorded,VS03,1.0,0.0
RET-0055,2023-07-09,Client-061,Fasteners & Fittings,1.84,Surface rust,,0.1983813638518146,"[{""supplier_id"": ""VS19"", ""p"": 0.1984}, {""supplier_id"": ""VS03"", ""p"": 0.1707}, {""supplier_id"": ""VS12"", ""p"": 0.1405}]",inferred,VS19,0.1983813638518146,
RET-0056,2023-03-06,Client-079,GI Wire,2.1,Bend/warp,VS03,0.2218869154249828,"[{""supplier_id"": ""VS12"", ""p"": 0.2219}, {""supplier_id"": ""VS03"", ""p"": 0.1835}, {""supplier_id"": ""VS19"", ""p"": 0.1635}]",recorded,VS03,1.0,0.0
RET-0057,2023-03-12,Client-006,MS Pipes,3.61,Wrong dimensions,,0.2316592424785662,"[{""supplier_id"": ""VS12"", ""p"": 0.2317}, {""supplier_id"": ""VS19"", ""p"": 0.1963}, {""supplier_id"": ""VS03"", ""p"": 0.1107}]",inferred,VS12,0.2316592424785662,
RET-0058,2021-02-03,Client-050,SS Pipes,3.3,Weight short,VS03,0.18990954481939473,"[{""supplier_id"": ""VS03"", ""p"": 0.1899}, {""supplier_id"": ""VS19"", ""p"": 0.1823}, {""supplier_id"": ""VS12"", ""p"": 0.1372}]",recorded,VS03,1.0,1.0
RET-0059,2022-10-15,Client-050,Fasteners & Fittings,1.88,Bend/warp,VS19,0.20378580880525135,"[{""supplier_id"": ""VS12"", ""p"": 0.2038}, {""supplier_id"": ""VS03"", ""p"": 0.1858}, {""supplier_id"": ""VS19"", ""p"": 0.1805}]",recorded,VS19,1.0,0.0
RET-0060,2021-11-12,Client-010,Structural Steel,3.85,Weight short,,0.1988504142617333,"[{""supplier_id"": ""VS19"", ""p"": 0.1989}, {""supplier_id"": ""VS12"", ""p"": 0.1965}, {""supplier_id"": ""VS03"", ""p"": 0.1886}]",inferred,VS19,0.1988504142617333,
RET-0061,2023-12-31,Client-030,MS Flats,1.29,Grade mismatch,VS10,0.20306877685060576,"[{""supplier_id"": ""VS12"", ""p"": 0.2031}, {""supplier_id"": ""VS19"", ""p"": 0.1905}, {""supplier_id"": ""VS03"", ""p"": 0.1721}]",recorded,VS10,1.0,0.0
RET-0062,2023-06-22,Client-062,MS Sheets,3.22,Bend/warp,VS19,0.195892244340294,"[{""supplier_id"": ""VS19"", ""p"": 0.1959}, {""supplier_id"": ""VS12"", ""p"": 0.1938}, {""supplier_id"": ""VS03"", ""p"": 0.1788}]",recorded,VS19,1.0,1.0
RET-0063,2023-03-10,Client-028,MS Flats,4.2,Surface rust,,0.20829070727472718,"[{""supplier_id"": ""VS12"", ""p"": 0.2083}, {""supplier_id"": ""VS19"", ""p"": 0.1924}, {""supplier_id"": ""VS03"", ""p"": 0.1501}]",inferred,VS12,0.20829070727472718,
RET-0064,2022-09-29,Client-062,MS Sheets,3.58,Surface rust,VS01,0.21415685184049071,"[{""supplier_id"": ""VS12"", ""p"": 0.2142}, {""supplier_id"": ""VS19"", ""p"": 0.1536}, {""supplier_id"": ""VS03"", ""p"": 0.1519}]",recorded,VS01,1.0,0.0
RET-0065,2023-06-05,Client-073,Square/Rect Tubes,4.04,Bend/warp,,0.19765013381796864,"[{""supplier_id"": ""VS12"", ""p"": 0.1977}, {""supplier_id"": ""VS19"", ""p"": 0.1952}, {""supplier_id"": ""VS03"", ""p"": 0.1744}]",inferred,VS12,0.19765013381796864,
RET-0066,2021-05-26,Client-055,Structural Steel,2.05,Bend/warp,VS03,0.20263783159697019,"[{""supplier_id"": ""VS03"", ""p"": 0.2026}, {""supplier_id"": ""VS19"", ""p"": 0.2008}, {""supplier_id"": ""VS12"", ""p"": 0.1326}]",recorded,VS03,1.0,1.0
RET-0067,2022-04-27,Client-007,GI Wire,1.73,Surface rust,,0.21073616716822693,"[{""supplier_id"": ""VS19"", ""p"": 0.2107}, {""supplier_id"": ""VS12"", ""p"": 0.1995}, {""supplier_id"": ""VS03"", ""p"": 0.1527}]",inferred,VS19,0.21073616716822693,
RET-0068,2021-10-02,Client-056,Fasteners & Fittings,3.08,Edge damage,,0.2123569448929204,"[{""supplier_id"": ""VS03"", ""p"": 0.2124}, {""supplier_id"": ""VS12"", ""p"": 0.1944}, {""supplier_id"": ""VS19"", ""p"": 0.1837}]",inferred,VS03,0.2123569448929204,
RET-0069,2022-09-06,Client-079,GI Wire,2.0,Surface rust,VS19,0.18835101412249539,"[{""supplier_id"": ""VS19"", ""p"": 0.1884}, {""supplier_id"": ""VS12"", ""p"": 0.1725}, {""supplier_id"": ""VS03"", ""p"": 0.1572}]",recorded,VS19,1.0,1.0
RET-0070,2022-08-09,Client-019,GI Wire,3.06,Grade mismatch,,0.19565123014087907,"[{""supplier_id"": ""VS12"", ""p"": 0.1957}, {""supplier_id"": ""VS19"", ""p"": 0.18}, {""supplier_id"": ""VS03"", ""p"": 0.1648}]",inferred,VS12,0.19565123014087907,
RET-0071,2023-12-17,Client-060,Structural Steel,2.32,Grade mismatch,VS20,0.22465036429552376,"[{""supplier_id"": ""VS12"", ""p"": 0.2247}, {""supplier_id"": ""VS03"", ""p"": 0.1774}, {""supplier_id"": ""VS19"", ""p"": 0.1719}]",recorded,VS20,1.0,0.0
RET-0072,2023-11-30,Client-058,Square/Rect Tubes,1.81,Bend/warp,VS03,0.21834293113332653,"[{""supplier_id"": ""VS12"", ""p"": 0.2183}, {""supplier_id"": ""VS19"", ""p"": 0.1845}, {""supplier_id"": ""VS03"", ""p"": 0.1683}]",recorded,VS03,1.0,0.0
RET-0073,2023-04-13,Client-057,Spring Steel,4.93,Grade mismatch,,0.1926894471584679,"[{""supplier_id"": ""VS19"", ""p"": 0.1927}, {""supplier_id"": ""VS03"", ""p"": 0.188}, {""supplier_id"": ""VS12"", ""p"": 0.1638}]",inferred,VS19,0.1926894471584679,
RET-0074,2022-05-25,Client-072,MS Pipes,3.59,Surface rust,VS03,0.2153777003841985,"[{""supplier_id"": ""VS12"", ""p"": 0.2154}, {""supplier_id"": ""VS19"", ""p"": 0.2054}, {""supplier_id"": ""VS03"", ""p"": 0.1811}]",recorded,VS03,1.0,0.0
RET-0075,2022-07-12,Client-002,Structural Steel,0.67,Wrong dimensions,VS23,0.19462499812361309,"[{""supplier_id"": ""VS12"", ""p"": 0.1946}, {""supplier_id"": ""VS19"", ""p"": 0.1904}, {""supplier_id"": ""VS03"", ""p"": 0.1672}]",recorded,VS23,1.0,0.0
RET-0076,2022-04-18,Client-011,MS Rods,0.42,Weight short,VS03,0.21689067780391105,"[{""supplier_id"": ""VS19"", ""p"": 0.2169}, {""supplier_id"": ""VS03"", ""p"": 0.1755}, {""supplier_id"": ""VS12"", ""p"": 0.1736}]",recorded,VS03,1.0,0.0
RET-0077,2021-06-15,Client-068,CR Sheets,0.99,Weight short,VS03,0.2106312593371236,"[{""supplier_id"": ""VS19"", ""p"": 0.2106}, {""supplier_id"": ""VS03"", ""p"": 0.2036}, {""supplier_id"": ""VS12"", ""p"": 0.1673}]",recorded,VS03,1.0,0.0
RET-0078,2023-05-11,Client-030,SS Sheets,2.3,Bend/warp,VS08,0.20205247274889276,"[{""supplier_id"": ""VS12"", ""p"": 0.2021}, {""supplier_id"": ""VS03"", ""p"": 0.1805}, {""supplier_id"": ""VS19"", ""p"": 0.1761}]",recorded,VS08,1.0,0.0
RET-0079,2021-05-25,Client-027,CR Sheets,3.34,Weight short,VS11,0.20581348733443497,"[{""supplier_id"": ""VS03"", ""p"": 0.2058}, {""supplier_id"": ""VS19"", ""p"": 0.2057}, {""supplier_id"": ""VS12"", ""p"": 0.1673}]",recorded,VS11,1.0,0.0
RET-0080,2023-05-17,Client-010,HR Coils,4.0,Surface rust,VS19,0.21442921198044151,"[{""supplier_id"": ""VS12"", ""p"": 0.2144}, {""supplier_id"": ""VS19"", ""p"": 0.1827}, {""supplier_id"": ""VS03"", ""p"": 0.1778}]",recorded,VS19,1.0,0.0
RET-0081,2021-06-08,Client-009,Angles & Channels,3.57,Bend/warp,VS19,0.2088279544957779,"[{""supplier_id"": ""VS03"", ""p"": 0.2088}, {""supplier_id"": ""VS19"", ""p"": 0.1811}, {""supplier_id"": ""VS12"", ""p"": 0.1769}]",recorded,VS19,1.0,0.0
RET-0082,2021-03-19,Client-076,MS Pipes,0.34,Bend/warp,VS12,0.21598198335466703,"[{""supplier_id"": ""VS03"", ""p"": 0.216}, {""supplier_id"": ""VS12"", ""p"": 0.1756}, {""supplier_id"": ""VS19"", ""p"": 0.1391}]",recorded,VS12,1.0,0.0
RET-0083,2022-08-30,Client-069,CR Sheets,0.42,Surface rust,VS12,0.22066429257656442,"[{""supplier_id"": ""VS12"", ""p"": 0.2207}, {""supplier_id"": ""VS03"", ""p"": 0.1777}, {""supplier_id"": ""VS19"", ""p"": 0.1514}]",recorded,VS12,1.0,1.0
RET-0084,2022-05-02,Client-071,CR Sheets,2.87,Surface rust,VS32,0.2100645146114803,"[{""supplier_id"": ""VS12"", ""p"": 0.2101}, {""supplier_id"": ""VS03"", ""p"": 0.19}, {""supplier_id"": ""VS19"", ""p"": 0.168}]",recorded,VS32,1.0,0.0
RET-0085,2021-06-28,Client-076,MS Sheets,0.37,Grade mismatch,VS19,0.22047976303723765,"[{""supplier_id"": ""VS19"", ""p"": 0.2205}, {""supplier_id"": ""VS03"", ""p"": 0.2123}, {""supplier_id"": ""VS12"", ""p"": 0.1302}]",recorded,VS19,1.0,1.0
RET-0086,2023-06-22,Client-009,GI Pipes,4.47,Weight short,,0.21014261381888238,"[{""supplier_id"": ""VS12"", ""p"": 0.2101}, {""supplier_id"": ""VS19"", ""p"": 0.171}, {""supplier_id"": ""VS03"", ""p"": 0.1638}]",inferred,VS12,0.21014261381888238,
RET-0087,2021-07-15,Client-049,GI Wire,0.57,Bend/warp,VS28,0.2160851096111734,"[{""supplier_id"": ""VS19"", ""p"": 0.2161}, {""supplier_id"": ""VS12"", ""p"": 0.1831}, {""supplier_id"": ""VS03"", ""p"": 0.1782}]",recorded,VS28,1.0,0.0
RET-0088,2021-12-08,Client-052,CR Sheets,4.45,Bend/warp,,0.21580362551103785,"[{""supplier_id"": ""VS12"", ""p"": 0.2158}, {""supplier_id"": ""VS03"", ""p"": 0.1992}, {""supplier_id"": ""VS19"", ""p"": 0.1712}]",inferred,VS12,0.21580362551103785,
RET-0089,2021-04-02,Client-070,MS Flats,0.85,Edge damage,,0.21829884084471973,"[{""supplier_id"": ""VS03"", ""p"": 0.2183}, {""supplier_id"": ""VS12"", ""p"": 0.1421}, {""supplier_id"": ""VS19"", ""p"": 0.1405}]",inferred,VS03,0.21829884084471973,
RET-0090,2023-10-10,Client-061,Structural Steel,0.97,Surface rust,,0.22335497357055836,"[{""supplier_id"": ""VS12"", ""p"": 0.2234}, {""supplier_id"": ""VS19"", ""p"": 0.1879}, {""supplier_id"": ""VS03"", ""p"": 0.1504}]",inferred,VS12,0.22335497357055836,
RET-0091,2021-05-31,Client-066,GI Sheets,4.34,Surface rust,VS03,0.21491533469568944,"[{""supplier_id"": ""VS19"", ""p"": 0.2149}, {""supplier_id"": ""VS03"", ""p"": 0.2094}, {""supplier_id"": ""VS12"", ""p"": 0.1445}]",recorded,VS03,1.0,0.0
RET-0092,2023-07-11,Client-078,MS Sheets,1.59,Bend/warp,VS20,0.196073676137016,"[{""supplier_id"": ""VS19"", ""p"": 0.1961}, {""supplier_id"": ""VS12"", ""p"": 0.1924}, {""supplier_id"": ""VS03"", ""p"": 0.1789}]",recorded,VS20,1.0,0.0
RET-0093,2021-08-24,Client-064,CR Sheets,4.67,Wrong dimensions,VS23,0.20312505909633854,"[{""supplier_id"": ""VS03"", ""p"": 0.2031}, {""supplier_id"": ""VS19"", ""p"": 0.1914}, {""supplier_id"": ""VS12"", ""p"": 0.1861}]",recorded,VS23,1.0,0.0
RET-0094,2021-07-04,Client-051,GI Pipes,1.24,Weight short,VS03,0.22843302927959264,"[{""supplier_id"": ""VS19"", ""p"": 0.2284}, {""supplier_id"": ""VS12"", ""p"": 0.1682}, {""supplier_id"": ""VS03"", ""p"": 0.1512}]",recorded,VS03,1.0,0.0
RET-0095,2021-11-01,Client-060,Square/Rect Tubes,0.37,Weight short,VS12,0.20076743454328397,"[{""supplier_id"": ""VS03"", ""p"": 0.2008}, {""supplier_id"": ""VS12"", ""p"": 0.1938}, {""supplier_id"": ""VS19"", ""p"": 0.1829}]",recorded,VS12,1.0,0.0
RET-0096,2022-01-04,Client-078,GI Wire,3.33,Weight short,VS16,0.21083230133242808,"[{""supplier_id"": ""VS12"", ""p"": 0.2108}, {""supplier_id"": ""VS03"", ""p"": 0.1834}, {""supplier_id"": ""VS19"", ""p"": 0.1783}]",recorded,VS16,1.0,0.0
RET-0097,2022-07-25,Client-068,GI Sheets,3.96,Surface rust,,0.19750731618784265,"[{""supplier_id"": ""VS19"", ""p"": 0.1975}, {""supplier_id"": ""VS12"", ""p"": 0.1869}, {""supplier_id"": ""VS03"", ""p"": 0.1747}]",inferred,VS19,0.19750731618784265,
RET-0098,2021-02-08,Client-043,ERW Pipes,2.44,Grade mismatch,,0.1956598679372128,"[{""supplier_id"": ""VS03"", ""p"": 0.1957}, {""supplier_id"": ""VS19"", ""p"": 0.157}, {""supplier_id"": ""VS12"", ""p"": 0.1413}]",inferred,VS03,0.1956598679372128,
RET-0099,2021-08-23,Client-026,Angles & Channels,3.15,Weight short,VS07,0.21211263159232602,"[{""supplier_id"": ""VS03"", ""p"": 0.2121}, {""supplier_id"": ""VS19"", ""p"": 0.1931}, {""supplier_id"": ""VS12"", ""p"": 0.1905}]",recorded,VS07,1.0,0.0
RET-0100,2022-06-23,Client-060,MS Sheets,1.87,Grade mismatch,VS14,0.22177940289663417,"[{""supplier_id"": ""VS12"", ""p"": 0.2218}, {""supplier_id"": ""VS03"", ""p"": 0.1882}, {""supplier_id"": ""VS19"", ""p"": 0.148}]",recorded,VS14,1.0,0.0
RET-0101,2023-11-10,Client-021,HR Coils,4.1,Wrong dimensions,VS12,0.201185631565439,"[{""supplier_id"": ""VS12"", ""p"": 0.2012}, {""supplier_id"": ""VS19"", ""p"": 0.1888}, {""supplier_id"": ""VS03"", ""p"": 0.178}]",recorded,VS12,1.0,1.0
RET-0102,2022-04-27,Client-018,Square/Rect Tubes,0.57,Wrong dimensions,VS12,0.20433020057316123,"[{""supplier_id"": ""VS12"", ""p"": 0.2043}, {""supplier_id"": ""VS19"", ""p"": 0.186}, {""supplier_id"": ""VS03"", ""p"": 0.179}]",recorded,VS12,1.0,1.0
RET-0103,2023-10-16,Client-021,GI Wire,2.8,Bend/warp,,0.23128077435766994,"[{""supplier_id"": ""VS12"", ""p"": 0.2313}, {""supplier_id"": ""VS19"", ""p"": 0.1592}, {""supplier_id"": ""VS03"", ""p"": 0.1585}]",inferred,VS12,0.23128077435766994,
RET-0104,2022-05-02,Client-033,Angles & Channels,4.3,Weight short,VS12,0.20018579024305458,"[{""supplier_id"": ""VS19"", ""p"": 0.2002}, {""supplier_id"": ""VS12"", ""p"": 0.1974}, {""supplier_id"": ""VS03"", ""p"": 0.1797}]",recorded,VS12,1.0,0.0
RET-0105,2021-05-01,Client-078,SS Sheets,4.47,Surface rust,VS11,0.198740342503729,"[{""supplier_id"": ""VS19"", ""p"": 0.1987}, {""supplier_id"": ""VS03"", ""p"": 0.1959}, {""supplier_id"": ""VS12"", ""p"": 0.1541}]",recorded,VS11,1.0,0.0
RET-0106,2021-12-23,Client-044,Hex Bars,2.66,Edge damage,,0.19854624162578405,"[{""supplier_id"": ""VS19"", ""p"": 0.1985}, {""supplier_id"": ""VS03"", ""p"": 0.1978}, {""supplier_id"": ""VS12"", ""p"": 0.1874}]",inferred,VS19,0.19854624162578405,
RET-0107,2022-02-22,Client-020,Fasteners & Fittings,3.19,Weight short,VS12,0.21076553009841809,"[{""supplier_id"": ""VS12"", ""p"": 0.2108}, {""supplier_id"": ""VS03"", ""p"": 0.1859}, {""supplier_id"": ""VS19"", ""p"": 0.1788}]",recorded,VS12,1.0,1.0
RET-0108,2023-09-06,Client-007,GI Sheets,1.9,Grade mismatch,,0.2018342487623845,"[{""supplier_id"": ""VS19"", ""p"": 0.2018}, {""supplier_id"": ""VS12"", ""p"": 0.1767}, {""supplier_id"": ""VS03"", ""p"": 0.1704}]",inferred,VS19,0.2018342487623845,
RET-0109,2021-11-05,Client-010,GI Wire,4.86,Bend/warp,VS03,0.20159944747160996,"[{""supplier_id"": ""VS12"", ""p"": 0.2016}, {""supplier_id"": ""VS19"", ""p"": 0.1839}, {""supplier_id"": ""VS03"", ""p"": 0.1797}]",recorded,VS03,1.0,0.0
RET-0110,2021-03-13,Client-017,SS Pipes,3.22,Bend/warp,VS03,0.19970628900097234,"[{""supplier_id"": ""VS03"", ""p"": 0.1997}, {""supplier_id"": ""VS19"", ""p"": 0.1853}, {""supplier_id"": ""VS12"", ""p"": 0.1787}]",recorded,VS03,1.0,1.0
RET-0111,2022-04-16,Client-056,SS Sheets,2.44,Weight short,VS19,0.18910246105839465,"[{""supplier_id"": ""VS03"", ""p"": 0.1891}, {""supplier_id"": ""VS12"", ""p"": 0.1889}, {""supplier_id"": ""VS19"", ""p"": 0.1772}]",recorded,VS19,1.0,0.0
RET-0112,2023-12-10,Client-011,GI Wire,1.26,Bend/warp,VS12,0.22177974157692434,"[{""supplier_id"": ""VS12"", ""p"": 0.2218}, {""supplier_id"": ""VS19"", ""p"": 0.1757}, {""supplier_id"": ""VS03"", ""p"": 0.1565}]",recorded,VS12,1.0,1.0
RET-0113,2023-09-25,Client-031,MS Pipes,2.58,Grade mismatch,VS22,0.2003923149242148,"[{""supplier_id"": ""VS12"", ""p"": 0.2004}, {""supplier_id"": ""VS19"", ""p"": 0.2003}, {""supplier_id"": ""VS03"", ""p"": 0.1633}]",recorded,VS22,1.0,0.0
RET-0114,2021-07-04,Client-078,MS Sheets,2.01,Weight short,VS15,0.21996508044528976,"[{""supplier_id"": ""VS19"", ""p"": 0.22}, {""supplier_id"": ""VS03"", ""p"": 0.2126}, {""supplier_id"": ""VS12"", ""p"": 0.1314}]",recorded,VS15,1.0,0.0
RET-0115,2023-02-14,Client-049,GI Sheets,1.42,Weight short,,0.2057306286941699,"[{""supplier_id"": ""VS19"", ""p"": 0.2057}, {""supplier_id"": ""VS12"", ""p"": 0.1985}, {""supplier_id"": ""VS03"", ""p"": 0.1579}]",inferred,VS19,0.2057306286941699,
RET-0116,2021-12-21,Client-021,MS Flats,0.85,Grade mismatch,VS10,0.20616958951956044,"[{""supplier_id"": ""VS19"", ""p"": 0.2062}, {""supplier_id"": ""VS03"", ""p"": 0.1982}, {""supplier_id"": ""VS12"", ""p"": 0.1644}]",recorded,VS10,1.0,0.0
RET-0117,2022-03-27,Client-034,CR Sheets,4.02,Wrong dimensions,VS17,0.22244244754359258,"[{""supplier_id"": ""VS12"", ""p"": 0.2224}, {""supplier_id"": ""VS03"", ""p"": 0.1959}, {""supplier_id"": ""VS19"", ""p"": 0.1395}]",recorded,VS17,1.0,0.0
RET-0118,2023-04-02,Client-057,ERW Pipes,0.47,Edge damage,VS03,0.2183194359154089,"[{""supplier_id"": ""VS12"", ""p"": 0.2183}, {""supplier_id"": ""VS03"", ""p"": 0.1906}, {""supplier_id"": ""VS19"", ""p"": 0.1644}]",recorded,VS03,1.0,0.0
RET-0119,2023-03-12,Client-072,GI Pipes,3.0,Edge damage,,0.2127095145263895,"[{""supplier_id"": ""VS12"", ""p"": 0.2127}, {""supplier_id"": ""VS03"", ""p"": 0.172}, {""supplier_id"": ""VS19"", ""p"": 0.1643}]",inferred,VS12,0.2127095145263895,
RET-0120,2022-07-23,Client-067,MS Flats,1.08,Edge damage,,0.20663462415474246,"[{""supplier_id"": ""VS12"", ""p"": 0.2066}, {""supplier_id"": ""VS19"", ""p"": 0.1861}, {""supplier_id"": ""VS03"", ""p"": 0.1714}]",inferred,VS12,0.20663462415474246,
RET-0121,2021-11-15,Client-066,SS Pipes,5.0,Bend/warp,,0.2020987375766314,"[{""supplier_id"": ""VS19"", ""p"": 0.2021}, {""supplier_id"": ""VS12"", ""p"": 0.1692}, {""supplier_id"": ""VS03"", ""p"": 0.1507}]",inferred,VS19,0.2020987375766314,
RET-0122,2022-02-14,Client-013,Structural Steel,3.78,Wrong dimensions,VS32,0.20584004766535657,"[{""supplier_id"": ""VS19"", ""p"": 0.2058}, {""supplier_id"": ""VS03"", ""p"": 0.1903}, {""supplier_id"": ""VS12"", ""p"": 0.1882}]",recorded,VS32,1.0,0.0
RET-0123,2022-02-25,Client-042,MS Pipes,3.29,Edge damage,VS19,0.20088023486968692,"[{""supplier_id"": ""VS03"", ""p"": 0.2009}, {""supplier_id"": ""VS12"", ""p"": 0.1764}, {""supplier_id"": ""VS19"", ""p"": 0.1723}]",recorded,VS19,1.0,0.0
RET-0124,2022-01-26,Client-078,MS Flats,1.57,Wrong dimensions,,0.20531920579456744,"[{""supplier_id"": ""VS19"", ""p"": 0.2053}, {""supplier_id"": ""VS12"", ""p"": 0.1918}, {""supplier_id"": ""VS03"", ""p"": 0.1819}]",inferred,VS19,0.20531920579456744,
RET-0125,2022-01-10,Client-070,Spring Steel,4.46,Grade mismatch,VS01,0.20200262615138692,"[{""supplier_id"": ""VS19"", ""p"": 0.202}, {""supplier_id"": ""VS03"", ""p"": 0.1906}, {""supplier_id"": ""VS12"", ""p"": 0.189}]",recorded,VS01,1.0,0.0
RET-0126,2021-04-04,Client-058,Hex Bars,0.59,Grade mismatch,VS03,0.21741269119416523,"[{""supplier_id"": ""VS03"", ""p"": 0.2174}, {""supplier_id"": ""VS19"", ""p"": 0.1901}, {""supplier_id"": ""VS12"", ""p"": 0.1801}]",recorded,VS03,1.0,1.0
RET-0127,2022-03-25,Client-065,MS Rods,0.24,Edge damage,,0.2267523689054924,"[{""supplier_id"": ""VS19"", ""p"": 0.2268}, {""supplier_id"": ""VS03"", ""p"": 0.1745}, {""supplier_id"": ""VS12"", ""p"": 0.1667}]",inferred,VS19,0.2267523689054924,
RET-0128,2023-12-02,Client-026,SS Sheets,4.03,Bend/warp,,0.22085917767954635,"[{""supplier_id"": ""VS12"", ""p"": 0.2209}, {""supplier_id"": ""VS03"", ""p"": 0.1724}, {""supplier_id"": ""VS19"", ""p"": 0.168}]",inferred,VS12,0.22085917767954635,
RET-0129,2021-09-19,Client-063,GI Sheets,4.97,Bend/warp,,0.20262641820921015,"[{""supplier_id"": ""VS19"", ""p"": 0.2026}, {""supplier_id"": ""VS03"", ""p"": 0.1975}, {""supplier_id"": ""VS12"", ""p"": 0.1649}]",inferred,VS19,0.20262641820921015,
RET-0130,2022-05-04,Client-064,SS Pipes,0.37,Weight short,,0.21811824612243239,"[{""supplier_id"": ""VS19"", ""p"": 0.2181}, {""supplier_id"": ""VS03"", ""p"": 0.1618}, {""supplier_id"": ""VS12"", ""p"": 0.1466}]",inferred,VS19,0.21811824612243239,
RET-0131,2022-10-01,Client-060,HR Coils,2.89,Bend/warp,,0.1893876003941454,"[{""supplier_id"": ""VS03"", ""p"": 0.1894}, {""supplier_id"": ""VS12"", ""p"": 0.1672}, {""supplier_id"": ""VS19"", ""p"": 0.166}]",inferred,VS03,0.1893876003941454,
RET-0132,2023-03-11,Client-022,Hex Bars,0.67,Surface rust,VS17,0.22511753519182984,"[{""supplier_id"": ""VS12"", ""p"": 0.2251}, {""supplier_id"": ""VS19"", ""p"": 0.2024}, {""supplier_id"": ""VS03"", ""p"": 0.1334}]",recorded,VS17,1.0,0.0
RET-0133,2021-04-08,Client-035,SS Pipes,2.37,Grade mismatch,,0.2193371306940551,"[{""supplier_id"": ""VS03"", ""p"": 0.2193}, {""supplier_id"": ""VS19"", ""p"": 0.1895}, {""supplier_id"": ""VS12"", ""p"": 0.1538}]",inferred,VS03,0.2193371306940551,
RET-0134,2022-05-13,Client-045,ERW Pipes,3.13,Bend/warp,,0.19677025519447833,"[{""supplier_id"": ""VS03"", ""p"": 0.1968}, {""supplier_id"": ""VS12"", ""p"": 0.1959}, {""supplier_id"": ""VS19"", ""p"": 0.1716}]",inferred,VS03,0.19677025519447833,
RET-0135,2021-02-15,Client-027,GI Sheets,0.62,Surface rust,VS19,0.19877114781307104,"[{""supplier_id"": ""VS19"", ""p"": 0.1988}, {""supplier_id"": ""VS03"", ""p"": 0.152}, {""supplier_id"": ""VS12"", ""p"": 0.1519}]",recorded,VS19,1.0,1.0
RET-0136,2021-09-20,Client-039,Fasteners & Fittings,0.97,Wrong dimensions,VS02,0.20138691800403757,"[{""supplier_id"": ""VS03"", ""p"": 0.2014}, {""supplier_id"": ""VS12"", ""p"": 0.1989}, {""supplier_id"": ""VS19"", ""p"": 0.1788}]",recorded,VS02,1.0,0.0
RET-0137,2023-11-08,Client-010,MS Flats,2.71,Grade mismatch,VS06,0.2166275064903654,"[{""supplier_id"": ""VS12"", ""p"": 0.2166}, {""supplier_id"": ""VS19"", ""p"": 0.1975}, {""supplier_id"": ""VS03"", ""p"": 0.1409}]",recorded,VS06,1.0,0.0
RET-0138,2021-03-21,Client-014,GI Wire,1.97,Wrong dimensions,VS12,0.19797346923899367,"[{""supplier_id"": ""VS19"", ""p"": 0.198}, {""supplier_id"": ""VS12"", ""p"": 0.1818}, {""supplier_id"": ""VS03"", ""p"": 0.1622}]",recorded,VS12,1.0,0.0
RET-0139,2022-01-08,Client-013,MS Rods,0.15,Weight short,,0.19866217416192597,"[{""supplier_id"": ""VS19"", ""p"": 0.1987}, {""supplier_id"": ""VS12"", ""p"": 0.196}, {""supplier_id"": ""VS03"", ""p"": 0.1883}]",inferred,VS19,0.19866217416192597,
RET-0140,2021-04-28,Client-058,MS Pipes,3.05,Wrong dimensions,VS05,0.18765987145456367,"[{""supplier_id"": ""VS03"", ""p"": 0.1877}, {""supplier_id"": ""VS19"", ""p"": 0.1842}, {""supplier_id"": ""VS12"", ""p"": 0.1667}]",recorded,VS05,1.0,0.0
RET-0141,2021-06-11,Client-021,HR Coils,0.86,Grade mismatch,VS19,0.20561476150980026,"[{""supplier_id"": ""VS19"", ""p"": 0.2056}, {""supplier_id"": ""VS03"", ""p"": 0.1753}, {""supplier_id"": ""VS12"", ""p"": 0.1479}]",recorded,VS19,1.0,1.0
RET-0142,2021-07-03,Client-022,GI Sheets,0.25,Grade mismatch,VS03,0.21811658252901972,"[{""supplier_id"": ""VS19"", ""p"": 0.2181}, {""supplier_id"": ""VS03"", ""p"": 0.2056}, {""supplier_id"": ""VS12"", ""p"": 0.1489}]",recorded,VS03,1.0,0.0
RET-0143,2021-08-05,Client-049,SS Sheets,3.12,Surface rust,VS12,0.21337697861163468,"[{""supplier_id"": ""VS03"", ""p"": 0.2134}, {""supplier_id"": ""VS12"", ""p"": 0.1733}, {""supplier_id"": ""VS19"", ""p"": 0.1714}]",recorded,VS12,1.0,0.0
RET-0144,2022-05-29,Client-063,MS Rods,0.8,Bend/warp,,0.22157537398317742,"[{""supplier_id"": ""VS19"", ""p"": 0.2216}, {""supplier_id"": ""VS03"", ""p"": 0.1696}, {""supplier_id"": ""VS12"", ""p"": 0.1665}]",inferred,VS19,0.22157537398317742,
RET-0145,2022-09-01,Client-073,Angles & Channels,4.78,Surface rust,VS19,0.21062690473423815,"[{""supplier_id"": ""VS19"", ""p"": 0.2106}, {""supplier_id"": ""VS12"", ""p"": 0.1876}, {""supplier_id"": ""VS03"", ""p"": 0.178}]",recorded,VS19,1.0,1.0
RET-0146,2022-03-26,Client-046,Angles & Channels,0.23,Bend/warp,VS03,0.21893218878356424,"[{""supplier_id"": ""VS12"", ""p"": 0.2189}, {""supplier_id"": ""VS19"", ""p"": 0.196}, {""supplier_id"": ""VS03"", ""p"": 0.1767}]",recorded,VS03,1.0,0.0
RET-0147,2023-06-12,Client-004,Square/Rect Tubes,1.63,Grade mismatch,,0.19623383650783835,"[{""supplier_id"": ""VS12"", ""p"": 0.1962}, {""supplier_id"": ""VS19"", ""p"": 0.1955}, {""supplier_id"": ""VS03"", ""p"": 0.1745}]",inferred,VS12,0.19623383650783835,
RET-0148,2021-10-02,Client-009,Structural Steel,4.07,Weight short,,0.20653047686420925,"[{""supplier_id"": ""VS19"", ""p"": 0.2065}, {""supplier_id"": ""VS03"", ""p"": 0.1954}, {""supplier_id"": ""VS12"", ""p"": 0.176}]",inferred,VS19,0.20653047686420925,
RET-0149,2022-04-29,Client-056,Square/Rect Tubes,1.09,Grade mismatch,VS12,0.20458877077244492,"[{""supplier_id"": ""VS12"", ""p"": 0.2046}, {""supplier_id"": ""VS19"", ""p"": 0.1862}, {""supplier_id"": ""VS03"", ""p"": 0.1782}]",recorded,VS12,1.0,1.0
RET-0150,2021-12-03,Client-039,SS Sheets,0.56,Wrong dimensions,,0.19987677159587813,"[{""supplier_id"": ""VS19"", ""p"": 0.1999}, {""supplier_id"": ""VS12"", ""p"": 0.1981}, {""supplier_id"": ""VS03"", ""p"": 0.1872}]",inferred,VS19,0.19987677159587813,
RET-0151,2023-06-09,Client-072,GI Wire,0.34,Bend/warp,,0.2106051320430412,"[{""supplier_id"": ""VS12"", ""p"": 0.2106}, {""supplier_id"": ""VS19"", ""p"": 0.1829}, {""supplier_id"": ""VS03"", ""p"": 0.1732}]",inferred,VS12,0.2106051320430412,
RET-0152,2023-12-26,Client-028,Angles & Channels,3.06,Grade mismatch,,0.21950719283079487,"[{""supplier_id"": ""VS12"", ""p"": 0.2195}, {""supplier_id"": ""VS19"", ""p"": 0.1965}, {""supplier_id"": ""VS03"", ""p"": 0.1408}]",inferred,VS12,0.21950719283079487,
RET-0153,2023-11-29,Client-070,MS Pipes,1.56,Bend/warp,,0.21972584654999192,"[{""supplier_id"": ""VS12"", ""p"": 0.2197}, {""supplier_id"": ""VS19"", ""p"": 0.1841}, {""supplier_id"": ""VS03"", ""p"": 0.1553}]",inferred,VS12,0.21972584654999192,
RET-0154,2023-03-14,Client-039,Structural Steel,2.21,Wrong dimensions,VS03,0.20779947061780668,"[{""supplier_id"": ""VS12"", ""p"": 0.2078}, {""supplier_id"": ""VS19"", ""p"": 0.1951}, {""supplier_id"": ""VS03"", ""p"": 0.1771}]",recorded,VS03,1.0,0.0
RET-0155,2022-08-02,Client-028,MS Rods,2.93,Edge damage,VS03,0.20883211411263738,"[{""supplier_id"": ""VS19"", ""p"": 0.2088}, {""supplier_id"": ""VS03"", ""p"": 0.1735}, {""supplier_id"": ""VS12"", ""p"": 0.1729}]",recorded,VS03,1.0,0.0
RET-0156,2023-02-28,Client-049,Angles & Channels,4.32,Weight short,VS19,0.21334157391357103,"[{""supplier_id"": ""VS12"", ""p"": 0.2133}, {""supplier_id"": ""VS19"", ""p"": 0.1972}, {""supplier_id"": ""VS03"", ""p"": 0.1664}]",recorded,VS19,1.0,0.0
RET-0157,2021-05-31,Client-017,ERW Pipes,1.15,Surface rust,,0.2095997370205161,"[{""supplier_id"": ""VS19"", ""p"": 0.2096}, {""supplier_id"": ""VS03"", ""p"": 0.1911}, {""supplier_id"": ""VS12"", ""p"": 0.1702}]",inferred,VS19,0.2095997370205161,
RET-0158,2023-01-13,Client-051,ERW Pipes,3.75,Grade mismatch,,0.2260918429206783,"[{""supplier_id"": ""VS12"", ""p"": 0.2261}, {""supplier_id"": ""VS03"", ""p"": 0.1872}, {""supplier_id"": ""VS19"", ""p"": 0.1544}]",inferred,VS12,0.2260918429206783,
RET-0159,2023-10-24,Client-015,Angles & Channels,4.6,Edge damage,VS12,0.2238106108702528,"[{""supplier_id"": ""VS12"", ""p"": 0.2238}, {""supplier_id"": ""VS19"", ""p"": 0.1937}, {""supplier_id"": ""VS03"", ""p"": 0.1433}]",recorded,VS12,1.0,1.0
RET-0160,2021-12-27,Client-060,MS Rods,3.21,Surface rust,,0.203548403226689,"[{""supplier_id"": ""VS19"", ""p"": 0.2035}, {""supplier_id"": ""VS12"", ""p"": 0.2026}, {""supplier_id"": ""VS03"", ""p"": 0.1643}]",inferred,VS19,0.203548403226689,
RET-0161,2021-08-11,Client-065,MS Rods,3.17,Weight short,VS10,0.19659936247158474,"[{""supplier_id"": ""VS03"", ""p"": 0.1966}, {""supplier_id"": ""VS19"", ""p"": 0.1818}, {""supplier_id"": ""VS12"", ""p"": 0.1738}]",recorded,VS10,1.0,0.0
RET-0162,2023-07-03,Client-071,Angles & Channels,4.17,Edge damage,VS19,0.21612070805651662,"[{""supplier_id"": ""VS12"", ""p"": 0.2161}, {""supplier_id"": ""VS19"", ""p"": 0.191}, {""supplier_id"": ""VS03"", ""p"": 0.1637}]",recorded,VS19,1.0,0.0
RET-0163,2022-01-03,Client-032,MS Pipes,4.24,Grade mismatch,VS03,0.21325361948051288,"[{""supplier_id"": ""VS03"", ""p"": 0.2133}, {""supplier_id"": ""VS12"", ""p"": 0.1753}, {""supplier_id"": ""VS19"", ""p"": 0.1583}]",recorded,VS03,1.0,1.0
RET-0164,2021-07-14,Client-043,MS Pipes,1.21,Bend/warp,VS25,0.1979381106765646,"[{""supplier_id"": ""VS19"", ""p"": 0.1979}, {""supplier_id"": ""VS03"", ""p"": 0.1877}, {""supplier_id"": ""VS12"", ""p"": 0.167}]",recorded,VS25,1.0,0.0
RET-0165,2022-09-27,Client-060,SS Pipes,0.66,Grade mismatch,VS03,0.20330241973619628,"[{""supplier_id"": ""VS19"", ""p"": 0.2033}, {""supplier_id"": ""VS12"", ""p"": 0.1816}, {""supplier_id"": ""VS03"", ""p"": 0.1677}]",recorded,VS03,1.0,0.0
RET-0166,2022-09-28,Client-046,MS Flats,2.94,Weight short,,0.20683502860726913,"[{""supplier_id"": ""VS12"", ""p"": 0.2068}, {""supplier_id"": ""VS03"", ""p"": 0.18}, {""supplier_id"": ""VS19"", ""p"": 0.1623}]",inferred,VS12,0.20683502860726913,
RET-0167,2021-05-15,Client-002,GI Pipes,4.9,Edge damage,VS19,0.21419110637314875,"[{""supplier_id"": ""VS19"", ""p"": 0.2142}, {""supplier_id"": ""VS12"", ""p"": 0.1672}, {""supplier_id"": ""VS03"", ""p"": 0.1478}]",recorded,VS19,1.0,1.0
RET-0168,2022-10-17,Client-054,Structural Steel,4.57,Weight short,,0.1977249156834162,"[{""supplier_id"": ""VS12"", ""p"": 0.1977}, {""supplier_id"": ""VS19"", ""p"": 0.1634}, {""supplier_id"": ""VS03"", ""p"": 0.1492}]",inferred,VS12,0.1977249156834162,
RET-0169,2023-08-08,Client-052,Square/Rect Tubes,3.18,Surface rust,VS14,0.1917719080143687,"[{""supplier_id"": ""VS12"", ""p"": 0.1918}, {""supplier_id"": ""VS19"", ""p"": 0.1896}, {""supplier_id"": ""VS03"", ""p"": 0.1846}]",recorded,VS14,1.0,0.0
RET-0170,2021-03-22,Client-041,Hex Bars,0.38,Grade mismatch,,0.22218099726471954,"[{""supplier_id"": ""VS03"", ""p"": 0.2222}, {""supplier_id"": ""VS19"", ""p"": 0.1871}, {""supplier_id"": ""VS12"", ""p"": 0.1719}]",inferred,VS03,0.22218099726471954,
RET-0171,2023-07-01,Client-025,SS Sheets,2.15,Bend/warp,,0.2067329504155962,"[{""supplier_id"": ""VS12"", ""p"": 0.2067}, {""supplier_id"": ""VS03"", ""p"": 0.1806}, {""supplier_id"": ""VS19"", ""p"": 0.1767}]",inferred,VS12,0.2067329504155962,
RET-0172,2023-11-04,Client-021,GI Pipes,0.95,Wrong dimensions,,0.21662870001047727,"[{""supplier_id"": ""VS12"", ""p"": 0.2166}, {""supplier_id"": ""VS19"", ""p"": 0.1974}, {""supplier_id"": ""VS03"", ""p"": 0.1612}]",inferred,VS12,0.21662870001047727,
RET-0173,2022-03-21,Client-011,SS Pipes,2.31,Wrong dimensions,VS19,0.1882526674377564,"[{""supplier_id"": ""VS03"", ""p"": 0.1883}, {""supplier_id"": ""VS19"", ""p"": 0.1863}, {""supplier_id"": ""VS12"", ""p"": 0.1637}]",recorded,VS19,1.0,0.0
RET-0174,2021-03-29,Client-062,Angles & Channels,1.91,Edge damage,,0.23370339443880714,"[{""supplier_id"": ""VS03"", ""p"": 0.2337}, {""supplier_id"": ""VS12"", ""p"": 0.1808}, {""supplier_id"": ""VS19"", ""p"": 0.1279}]",inferred,VS03,0.23370339443880714,
RET-0175,2023-04-06,Client-078,HR Coils,0.28,Grade mismatch,,0.2123748246779376,"[{""supplier_id"": ""VS12"", ""p"": 0.2124}, {""supplier_id"": ""VS19"", ""p"": 0.1877}, {""supplier_id"": ""VS03"", ""p"": 0.1776}]",inferred,VS12,0.2123748246779376,
RET-0176,2022-01-03,Client-078,Spring Steel,1.1,Grade mismatch,VS03,0.19776622558823284,"[{""supplier_id"": ""VS19"", ""p"": 0.1978}, {""supplier_id"": ""VS12"", ""p"": 0.1917}, {""supplier_id"": ""VS03"", ""p"": 0.1914}]",recorded,VS03,1.0,0.0
RET-0177,2021-08-30,Client-074,MS Pipes,2.17,Edge damage,VS11,0.19298538136375695,"[{""supplier_id"": ""VS19"", ""p"": 0.193}, {""supplier_id"": ""VS03"", ""p"": 0.1825}, {""supplier_id"": ""VS12"", ""p"": 0.1807}]",recorded,VS11,1.0,0.0
RET-0178,2023-07-08,Client-048,ERW Pipes,1.5,Weight short,VS03,0.19918800641581927,"[{""supplier_id"": ""VS19"", ""p"": 0.1992}, {""supplier_id"": ""VS12"", ""p"": 0.1808}, {""supplier_id"": ""VS03"", ""p"": 0.1705}]",recorded,VS03,1.0,0.0
RET-0179,2023-10-10,Client-045,MS Rods,1.97,Weight short,VS19,0.2059795004353989,"[{""supplier_id"": ""VS12"", ""p"": 0.206}, {""supplier_id"": ""VS19"", ""p"": 0.1921}, {""supplier_id"": ""VS03"", ""p"": 0.1349}]",recorded,VS19,1.0,0.0
RET-0180,2022-07-20,Client-009,Angles & Channels,3.28,Weight short,,0.22487445042385337,"[{""supplier_id"": ""VS19"", ""p"": 0.2249}, {""supplier_id"": ""VS03"", ""p"": 0.1793}, {""supplier_id"": ""VS12"", ""p"": 0.1762}]",inferred,VS19,0.22487445042385337,
RET-0181,2021-12-14,Client-074,Angles & Channels,2.94,Wrong dimensions,VS03,0.2002294313980439,"[{""supplier_id"": ""VS19"", ""p"": 0.2002}, {""supplier_id"": ""VS12"", ""p"": 0.1995}, {""supplier_id"": ""VS03"", ""p"": 0.1938}]",recorded,VS03,1.0,0.0
RET-0182,2021-10-03,Client-042,MS Pipes,3.85,Surface rust,,0.21035077212673134,"[{""supplier_id"": ""VS03"", ""p"": 0.2104}, {""supplier_id"": ""VS19"", ""p"": 0.1892}, {""supplier_id"": ""VS12"", ""p"": 0.169}]",inferred,VS03,0.21035077212673134,
RET-0183,2021-12-10,Client-001,MS Flats,1.31,Edge damage,VS10,0.21036099869611027,"[{""supplier_id"": ""VS19"", ""p"": 0.2104}, {""supplier_id"": ""VS03"", ""p"": 0.2024}, {""supplier_id"": ""VS12"", ""p"": 0.1633}]",recorded,VS10,1.0,0.0
RET-0184,2023-05-19,Client-068,MS Flats,3.84,Surface rust,VS08,0.21784589754973857,"[{""supplier_id"": ""VS12"", ""p"": 0.2178}, {""supplier_id"": ""VS19"", ""p"": 0.1905}, {""supplier_id"": ""VS03"", ""p"": 0.1642}]",recorded,VS08,1.0,0.0
RET-0185,2021-04-13,Client-077,Angles & Channels,3.88,Surface rust,VS03,0.22322530133930113,"[{""supplier_id"": ""VS03"", ""p"": 0.2232}, {""supplier_id"": ""VS12"", ""p"": 0.1903}, {""supplier_id"": ""VS19"", ""p"": 0.1457}]",recorded,VS03,1.0,1.0
RET-0186,2022-12-25,Client-062,GI Sheets,1.17,Surface rust,VS12,0.20535471802900504,"[{""supplier_id"": ""VS12"", ""p"": 0.2054}, {""supplier_id"": ""VS19"", ""p"": 0.2023}, {""supplier_id"": ""VS03"", ""p"": 0.1614}]",recorded,VS12,1.0,1.0
RET-0187,2022-05-06,Client-037,GI Pipes,0.19,Edge damage,VS19,0.21603122992379914,"[{""supplier_id"": ""VS19"", ""p"": 0.216}, {""supplier_id"": ""VS03"", ""p"": 0.1905}, {""supplier_id"": ""VS12"", ""p"": 0.1553}]",recorded,VS19,1.0,1.0
RET-0188,2023-09-30,Client-008,Fasteners & Fittings,2.95,Edge damage,,0.19342197170011205,"[{""supplier_id"": ""VS19"", ""p"": 0.1934}, {""supplier_id"": ""VS12"", ""p"": 0.1871}, {""supplier_id"": ""VS03"", ""p"": 0.1797}]",inferred,VS19,0.19342197170011205,
RET-0189,2021-03-07,Client-012,MS Flats,2.94,Surface rust,VS12,0.22257866767898585,"[{""supplier_id"": ""VS03"", ""p"": 0.2226}, {""supplier_id"": ""VS12"", ""p"": 0.167}, {""supplier_id"": ""VS19"", ""p"": 0.1132}]",recorded,VS12,1.0,0.0
RET-0190,2023-10-21,Client-044,SS Sheets,4.69,Weight short,,0.22038735990002703,"[{""supplier_id"": ""VS12"", ""p"": 0.2204}, {""supplier_id"": ""VS19"", ""p"": 0.1823}, {""supplier_id"": ""VS03"", ""p"": 0.175}]",inferred,VS12,0.22038735990002703,
RET-0191,2023-07-13,Client-065,ERW Pipes,2.33,Bend/warp,VS16,0.19925307219085606,"[{""supplier_id"": ""VS19"", ""p"": 0.1993}, {""supplier_id"": ""VS12"", ""p"": 0.1803}, {""supplier_id"": ""VS03"", ""p"": 0.169}]",recorded,VS16,1.0,0.0
RET-0192,2022-10-18,Client-040,HR Coils,3.75,Weight short,VS19,0.18858477726830475,"[{""supplier_id"": ""VS03"", ""p"": 0.1886}, {""supplier_id"": ""VS12"", ""p"": 0.167}, {""supplier_id"": ""VS19"", ""p"": 0.1643}]",recorded,VS19,1.0,0.0
RET-0193,2023-06-19,Client-079,MS Flats,0.9,Bend/warp,,0.22185993078365532,"[{""supplier_id"": ""VS12"", ""p"": 0.2219}, {""supplier_id"": ""VS19"", ""p"": 0.1978}, {""supplier_id"": ""VS03"", ""p"": 0.1293}]",inferred,VS12,0.22185993078365532,
RET-0194,2023-05-18,Client-027,HR Coils,0.92,Weight short,VS12,0.21446051016614037,"[{""supplier_id"": ""VS12"", ""p"": 0.2145}, {""supplier_id"": ""VS19"", ""p"": 0.1827}, {""supplier_id"": ""VS03"", ""p"": 0.1778}]",recorded,VS12,1.0,1.0
RET-0195,2023-10-29,Client-078,GI Pipes,0.49,Edge damage,VS19,0.21667866462627097,"[{""supplier_id"": ""VS12"", ""p"": 0.2167}, {""supplier_id"": ""VS19"", ""p"": 0.1973}, {""supplier_id"": ""VS03"", ""p"": 0.1628}]",recorded,VS19,1.0,0.0
RET-0196,2022-11-30,Client-013,GI Wire,4.63,Weight short,,0.20868873706722318,"[{""supplier_id"": ""VS12"", ""p"": 0.2087}, {""supplier_id"": ""VS03"", ""p"": 0.1829}, {""supplier_id"": ""VS19"", ""p"": 0.1392}]",inferred,VS12,0.20868873706722318,
RET-0197,2022-05-24,Client-050,SS Sheets,2.64,Wrong dimensions,,0.19499322466599972,"[{""supplier_id"": ""VS19"", ""p"": 0.195}, {""supplier_id"": ""VS12"", ""p"": 0.188}, {""supplier_id"": ""VS03"", ""p"": 0.1655}]",inferred,VS19,0.19499322466599972,
RET-0198,2023-12-05,Client-070,Fasteners & Fittings,0.52,Edge damage,VS19,0.20319706959213174,"[{""supplier_id"": ""VS12"", ""p"": 0.2032}, {""supplier_id"": ""VS19"", ""p"": 0.1852}, {""supplier_id"": ""VS03"", ""p"": 0.1775}]",recorded,VS19,1.0,0.0
RET-0199,2021-04-09,Client-074,Angles & Channels,0.61,Surface rust,,0.22589888620291465,"[{""supplier_id"": ""VS03"", ""p"": 0.2259}, {""supplier_id"": ""VS12"", ""p"": 0.1849}, {""supplier_id"": ""VS19"", ""p"": 0.1452}]",inferred,VS03,0.22589888620291465,
RET-0200,2022-08-02,Client-030,MS Sheets,2.26,Edge damage,VS28,0.2241107702388405,"[{""supplier_id"": ""VS12"", ""p"": 0.2241}, {""supplier_id"": ""VS03"", ""p"": 0.1666}, {""supplier_id"": ""VS19"", ""p"": 0.1411}]",recorded,VS28,1.0,0.0
RET-0201,2023-09-05,Client-027,HR Coils,4.85,Grade mismatch,VS05,0.2188789508423977,"[{""supplier_id"": ""VS12"", ""p"": 0.2189}, {""supplier_id"": ""VS19"", ""p"": 0.1931}, {""supplier_id"": ""VS03"", ""p"": 0.1734}]",recorded,VS05,1.0,0.0
RET-0202,2022-03-01,Client-061,SS Sheets,3.61,Bend/warp,VS12,0.19767890268747945,"[{""supplier_id"": ""VS12"", ""p"": 0.1977}, {""supplier_id"": ""VS03"", ""p"": 0.1855}, {""supplier_id"": ""VS19"", ""p"": 0.1775}]",recorded,VS12,1.0,1.0
RET-0203,2021-11-19,Client-036,GI Wire,2.36,Wrong dimensions,,0.20164641437421676,"[{""supplier_id"": ""VS12"", ""p"": 0.2016}, {""supplier_id"": ""VS03"", ""p"": 0.1865}, {""supplier_id"": ""VS19"", ""p"": 0.1833}]",inferred,VS12,0.20164641437421676,
RET-0204,2022-03-26,Client-029,CR Sheets,3.69,Weight short,,0.22261766709285333,"[{""supplier_id"": ""VS12"", ""p"": 0.2226}, {""supplier_id"": ""VS03"", ""p"": 0.1954}, {""supplier_id"": ""VS19"", ""p"": 0.141}]",inferred,VS12,0.22261766709285333,
RET-0205,2022-11-24,Client-039,Angles & Channels,2.32,Wrong dimensions,,0.21516910313510548,"[{""supplier_id"": ""VS12"", ""p"": 0.2152}, {""supplier_id"": ""VS19"", ""p"": 0.2029}, {""supplier_id"": ""VS03"", ""p"": 0.1712}]",inferred,VS12,0.21516910313510548,
RET-0206,2021-08-19,Client-075,MS Rods,0.96,Bend/warp,,0.19986981204515505,"[{""supplier_id"": ""VS03"", ""p"": 0.1999}, {""supplier_id"": ""VS19"", ""p"": 0.189}, {""supplier_id"": ""VS12"", ""p"": 0.171}]",inferred,VS03,0.19986981204515505,
RET-0207,2021-03-10,Client-077,MS Pipes,1.42,Grade mismatch,,0.21160515513140843,"[{""supplier_id"": ""VS03"", ""p"": 0.2116}, {""supplier_id"": ""VS12"", ""p"": 0.184}, {""supplier_id"": ""VS19"", ""p"": 0.1387}]",inferred,VS03,0.21160515513140843,
RET-0208,2021-10-13,Client-060,SS Sheets,2.58,Surface rust,VS24,0.20608720262026584,"[{""supplier_id"": ""VS03"", ""p"": 0.2061}, {""supplier_id"": ""VS12"", ""p"": 0.1841}, {""supplier_id"": ""VS19"", ""p"": 0.1707}]",recorded,VS24,1.0,0.0
RET-0209,2023-07-07,Client-033,MS Pipes,4.5,Grade mismatch,VS04,0.21011009852994547,"[{""supplier_id"": ""VS12"", ""p"": 0.2101}, {""supplier_id"": ""VS19"", ""p"": 0.1944}, {""supplier_id"": ""VS03"", ""p"": 0.1574}]",recorded,VS04,1.0,0.0
RET-0210,2021-04-18,Client-023,Square/Rect Tubes,2.82,Wrong dimensions,VS12,0.19733056344219052,"[{""supplier_id"": ""VS19"", ""p"": 0.1973}, {""supplier_id"": ""VS03"", ""p"": 0.1855}, {""supplier_id"": ""VS12"", ""p"": 0.1787}]",recorded,VS12,1.0,0.0
RET-0211,2023-09-15,Client-004,GI Sheets,4.64,Grade mismatch,VS12,0.20174233808615552,"[{""supplier_id"": ""VS19"", ""p"": 0.2017}, {""supplier_id"": ""VS12"", ""p"": 0.1745}, {""supplier_id"": ""VS03"", ""p"": 0.1698}]",recorded,VS12,1.0,0.0
RET-0212,2023-07-08,Client-024,GI Sheets,3.48,Grade mismatch,,0.19938132479902138,"[{""supplier_id"": ""VS12"", ""p"": 0.1994}, {""supplier_id"": ""VS19"", ""p"": 0.1868}, {""supplier_id"": ""VS03"", ""p"": 0.1505}]",inferred,VS12,0.19938132479902138,
RET-0213,2023-08-13,Client-066,Square/Rect Tubes,3.75,Surface rust,,0.20627413265906627,"[{""supplier_id"": ""VS12"", ""p"": 0.2063}, {""supplier_id"": ""VS19"", ""p"": 0.1871}, {""supplier_id"": ""VS03"", ""p"": 0.1813}]",inferred,VS12,0.20627413265906627,
RET-0214,2021-02-13,Client-067,HR Coils,3.96,Wrong dimensions,,0.1945380070736276,"[{""supplier_id"": ""VS03"", ""p"": 0.1945}, {""supplier_id"": ""VS12"", ""p"": 0.1633}, {""supplier_id"": ""VS19"", ""p"": 0.1018}]",inferred,VS03,0.1945380070736276,
RET-0215,2021-09-17,Client-052,SS Pipes,1.35,Wrong dimensions,VS12,0.22657553135330274,"[{""supplier_id"": ""VS19"", ""p"": 0.2266}, {""supplier_id"": ""VS03"", ""p"": 0.1564}, {""supplier_id"": ""VS12"", ""p"": 0.1544}]",recorded,VS12,1.0,0.0
RET-0216,2022-03-11,Client-071,Spring Steel,4.07,Wrong dimensions,VS27,0.20791758043052558,"[{""supplier_id"": ""VS19"", ""p"": 0.2079}, {""supplier_id"": ""VS12"", ""p"": 0.1862}, {""supplier_id"": ""VS03"", ""p"": 0.174}]",recorded,VS27,1.0,0.0
RET-0217,2023-09-30,Client-062,Square/Rect Tubes,4.07,Grade mismatch,,0.20320252770188169,"[{""supplier_id"": ""VS12"", ""p"": 0.2032}, {""supplier_id"": ""VS19"", ""p"": 0.19}, {""supplier_id"": ""VS03"", ""p"": 0.1796}]",inferred,VS12,0.20320252770188169,
RET-0218,2021-07-03,Client-074,Angles & Channels,1.01,Edge damage,VS03,0.20901591035473538,"[{""supplier_id"": ""VS03"", ""p"": 0.209}, {""supplier_id"": ""VS12"", ""p"": 0.1825}, {""supplier_id"": ""VS19"", ""p"": 0.1801}]",recorded,VS03,1.0,1.0
RET-0219,2022-06-25,Client-025,GI Pipes,2.05,Surface rust,VS06,0.222372820208295,"[{""supplier_id"": ""VS19"", ""p"": 0.2224}, {""supplier_id"": ""VS03"", ""p"": 0.188}, {""supplier_id"": ""VS12"", ""p"": 0.1517}]",recorded,VS06,1.0,0.0
RET-0220,2022-06-03,Client-060,HR Coils,3.82,Bend/warp,VS05,0.1937005388481469,"[{""supplier_id"": ""VS19"", ""p"": 0.1937}, {""supplier_id"": ""VS03"", ""p"": 0.1935}, {""supplier_id"": ""VS12"", ""p"": 0.1865}]",recorded,VS05,1.0,0.0
RET-0221,2021-12-13,Client-001,Hex Bars,2.41,Bend/warp,VS19,0.20443150699780985,"[{""supplier_id"": ""VS19"", ""p"": 0.2044}, {""supplier_id"": ""VS03"", ""p"": 0.196}, {""supplier_id"": ""VS12"", ""p"": 0.1857}]",recorded,VS19,1.0,1.0
RET-0222,2022-06-28,Client-043,Hex Bars,3.5,Wrong dimensions,VS01,0.20780215146642128,"[{""supplier_id"": ""VS12"", ""p"": 0.2078}, {""supplier_id"": ""VS19"", ""p"": 0.1901}, {""supplier_id"": ""VS03"", ""p"": 0.1838}]",recorded,VS01,1.0,0.0
RET-0223,2023-06-04,Client-067,Structural Steel,2.6,Wrong dimensions,VS12,0.2115818590700311,"[{""supplier_id"": ""VS12"", ""p"": 0.2116}, {""supplier_id"": ""VS19"", ""p"": 0.192}, {""supplier_id"": ""VS03"", ""p"": 0.164}]",recorded,VS12,1.0,1.0
RET-0224,2022-04-29,Client-072,Spring Steel,1.19,Surface rust,VS19,0.21394162533325492,"[{""supplier_id"": ""VS19"", ""p"": 0.2139}, {""supplier_id"": ""VS03"", ""p"": 0.1773}, {""supplier_id"": ""VS12"", ""p"": 0.1653}]",recorded,VS19,1.0,1.0
RET-0225,2021-12-14,Client-012,MS Sheets,1.44,Grade mismatch,,0.21470194295285885,"[{""supplier_id"": ""VS19"", ""p"": 0.2147}, {""supplier_id"": ""VS03"", ""p"": 0.184}, {""supplier_id"": ""VS12"", ""p"": 0.1615}]",inferred,VS19,0.21470194295285885,
RET-0226,2022-11-10,Client-075,HR Coils,2.63,Wrong dimensions,,0.18095549693843344,"[{""supplier_id"": ""VS03"", ""p"": 0.181}, {""supplier_id"": ""VS19"", ""p"": 0.18}, {""supplier_id"": ""VS12"", ""p"": 0.1521}]",inferred,VS03,0.18095549693843344,
RET-0227,2022-01-23,Client-038,GI Pipes,4.09,Bend/warp,,0.19937114908434253,"[{""supplier_id"": ""VS03"", ""p"": 0.1994}, {""supplier_id"": ""VS19"", ""p"": 0.1867}, {""supplier_id"": ""VS12"", ""p"": 0.1679}]",inferred,VS03,0.19937114908434253,
RET-0228,2021-07-25,Client-020,MS Flats,1.23,Surface rust,VS19,0.20194406241977572,"[{""supplier_id"": ""VS03"", ""p"": 0.2019}, {""supplier_id"": ""VS19"", ""p"": 0.1801}, {""supplier_id"": ""VS12"", ""p"": 0.1378}]",recorded,VS19,1.0,0.0
RET-0229,2023-04-07,Client-073,Structural Steel,1.47,Bend/warp,,0.2106271143745088,"[{""supplier_id"": ""VS12"", ""p"": 0.2106}, {""supplier_id"": ""VS19"", ""p"": 0.1937}, {""supplier_id"": ""VS03"", ""p"": 0.1762}]",inferred,VS12,0.2106271143745088,
RET-0230,2021-07-23,Client-019,CR Sheets,2.85,Surface rust,,0.2099903268096833,"[{""supplier_id"": ""VS19"", ""p"": 0.21}, {""supplier_id"": ""VS03"", ""p"": 0.201}, {""supplier_id"": ""VS12"", ""p"": 0.1729}]",inferred,VS19,0.2099903268096833,
RET-0231,2023-07-16,Client-004,ERW Pipes,4.94,Wrong dimensions,VS11,0.1994541126251154,"[{""supplier_id"": ""VS19"", ""p"": 0.1995}, {""supplier_id"": ""VS12"", ""p"": 0.1801}, {""supplier_id"": ""VS03"", ""p"": 0.169}]",recorded,VS11,1.0,0.0
RET-0232,2021-10-20,Client-064,SS Sheets,1.72,Wrong dimensions,,0.20849039726489613,"[{""supplier_id"": ""VS03"", ""p"": 0.2085}, {""supplier_id"": ""VS12"", ""p"": 0.1837}, {""supplier_id"": ""VS19"", ""p"": 0.1668}]",inferred,VS03,0.20849039726489613,
RET-0233,2023-08-07,Client-008,Spring Steel,2.45,Wrong dimensions,VS28,0.1851236912549548,"[{""supplier_id"": ""VS03"", ""p"": 0.1851}, {""supplier_id"": ""VS19"", ""p"": 0.1848}, {""supplier_id"": ""VS12"", ""p"": 0.171}]",recorded,VS28,1.0,0.0
RET-0234,2021-10-24,Client-003,Fasteners & Fittings,3.55,Wrong dimensions,VS12,0.21428224576862132,"[{""supplier_id"": ""VS03"", ""p"": 0.2143}, {""supplier_id"": ""VS12"", ""p"": 0.1969}, {""supplier_id"": ""VS19"", ""p"": 0.1751}]",recorded,VS12,1.0,0.0
RET-0235,2022-12-11,Client-071,SS Pipes,2.89,Grade mismatch,,0.22285173876483041,"[{""supplier_id"": ""VS12"", ""p"": 0.2229}, {""supplier_id"": ""VS19"", ""p"": 0.1908}, {""supplier_id"": ""VS03"", ""p"": 0.1585}]",inferred,VS12,0.22285173876483041,
RET-0236,2023-02-06,Client-052,Structural Steel,3.01,Weight short,VS19,0.21363923273692506,"[{""supplier_id"": ""VS12"", ""p"": 0.2136}, {""supplier_id"": ""VS19"", ""p"": 0.1987}, {""supplier_id"": ""VS03"", ""p"": 0.1619}]",recorded,VS19,1.0,0.0
RET-0237,2023-05-31,Client-031,MS Rods,2.43,Weight short,VS16,0.19762257399167044,"[{""supplier_id"": ""VS12"", ""p"": 0.1976}, {""supplier_id"": ""VS19"", ""p"": 0.1762}, {""supplier_id"": ""VS03"", ""p"": 0.1713}]",recorded,VS16,1.0,0.0
RET-0238,2021-07-25,Client-043,Hex Bars,2.46,Bend/warp,VS03,0.21234602425335336,"[{""supplier_id"": ""VS19"", ""p"": 0.2123}, {""supplier_id"": ""VS03"", ""p"": 0.2002}, {""supplier_id"": ""VS12"", ""p"": 0.1787}]",recorded,VS03,1.0,0.0
RET-0239,2023-02-11,Client-043,Square/Rect Tubes,2.57,Bend/warp,,0.21281931980702282,"[{""supplier_id"": ""VS12"", ""p"": 0.2128}, {""supplier_id"": ""VS19"", ""p"": 0.1908}, {""supplier_id"": ""VS03"", ""p"": 0.1741}]",inferred,VS12,0.21281931980702282,
RET-0240,2023-12-17,Client-069,GI Sheets,4.39,Wrong dimensions,,0.1997297668795455,"[{""supplier_id"": ""VS19"", ""p"": 0.1997}, {""supplier_id"": ""VS12"", ""p"": 0.1984}, {""supplier_id"": ""VS03"", ""p"": 0.1693}]",inferred,VS19,0.1997297668795455,
RET-0241,2023-03-14,Client-034,GI Pipes,1.69,Wrong dimensions,VS12,0.21272119886475604,"[{""supplier_id"": ""VS12"", ""p"": 0.2127}, {""supplier_id"": ""VS03"", ""p"": 0.172}, {""supplier_id"": ""VS19"", ""p"": 0.1643}]",recorded,VS12,1.0,1.0
RET-0242,2023-04-09,Client-015,Structural Steel,4.93,Grade mismatch,,0.2115799119867678,"[{""supplier_id"": ""VS12"", ""p"": 0.2116}, {""supplier_id"": ""VS19"", ""p"": 0.1933}, {""supplier_id"": ""VS03"", ""p"": 0.176}]",inferred,VS12,0.2115799119867678,
RET-0243,2022-12-13,Client-050,Spring Steel,3.82,Edge damage,,0.19089167308828336,"[{""supplier_id"": ""VS03"", ""p"": 0.1909}, {""supplier_id"": ""VS19"", ""p"": 0.1818}, {""supplier_id"": ""VS12"", ""p"": 0.1791}]",inferred,VS03,0.19089167308828336,
RET-0244,2022-05-25,Client-020,Fasteners & Fittings,2.99,Surface rust,,0.21251914805701155,"[{""supplier_id"": ""VS12"", ""p"": 0.2125}, {""supplier_id"": ""VS19"", ""p"": 0.1836}, {""supplier_id"": ""VS03"", ""p"": 0.179}]",inferred,VS12,0.21251914805701155,
RET-0245,2023-12-07,Client-032,MS Pipes,0.54,Wrong dimensions,VS12,0.21922838419659268,"[{""supplier_id"": ""VS12"", ""p"": 0.2192}, {""supplier_id"": ""VS19"", ""p"": 0.1837}, {""supplier_id"": ""VS03"", ""p"": 0.1557}]",recorded,VS12,1.0,1.0
RET-0246,2021-02-19,Client-040,Hex Bars,4.31,Surface rust,VS21,0.2070920653899419,"[{""supplier_id"": ""VS19"", ""p"": 0.2071}, {""supplier_id"": ""VS03"", ""p"": 0.1541}, {""supplier_id"": ""VS12"", ""p"": 0.154}]",recorded,VS21,1.0,0.0
RET-0247,2021-08-27,Client-063,Fasteners & Fittings,4.26,Edge damage,VS01,0.2018874911405239,"[{""supplier_id"": ""VS03"", ""p"": 0.2019}, {""supplier_id"": ""VS12"", ""p"": 0.1952}, {""supplier_id"": ""VS19"", ""p"": 0.1811}]",recorded,VS01,1.0,0.0
RET-0248,2022-03-30,Client-038,SS Pipes,0.26,Edge damage,VS19,0.19063636111920143,"[{""supplier_id"": ""VS19"", ""p"": 0.1906}, {""supplier_id"": ""VS03"", ""p"": 0.1688}, {""supplier_id"": ""VS12"", ""p"": 0.1684}]",recorded,VS19,1.0,1.0
RET-0249,2023-02-21,Client-008,SS Sheets,4.45,Bend/warp,VS03,0.21929693710061915,"[{""supplier_id"": ""VS12"", ""p"": 0.2193}, {""supplier_id"": ""VS19"", ""p"": 0.1789}, {""supplier_id"": ""VS03"", ""p"": 0.1768}]",recorded,VS03,1.0,0.0
RET-0250,2023-02-16,Client-066,Angles & Channels,1.95,Edge damage,,0.21292032544002537,"[{""supplier_id"": ""VS12"", ""p"": 0.2129}, {""supplier_id"": ""VS19"", ""p"": 0.1987}, {""supplier_id"": ""VS03"", ""p"": 0.1665}]",inferred,VS12,0.21292032544002537,
RET-0251,2021-06-25,Client-000,MS Pipes,3.94,Bend/warp,,0.1940872816695786,"[{""supplier_id"": ""VS19"", ""p"": 0.1941}, {""supplier_id"": ""VS12"", ""p"": 0.1852}, {""supplier_id"": ""VS03"", ""p"": 0.1846}]",inferred,VS19,0.1940872816695786,
RET-0252,2022-12-22,Client-036,MS Flats,0.67,Grade mismatch,VS19,0.18667171204467092,"[{""supplier_id"": ""VS12"", ""p"": 0.1867}, {""supplier_id"": ""VS19"", ""p"": 0.1845}, {""supplier_id"": ""VS03"", ""p"": 0.1687}]",recorded,VS19,1.0,0.0
RET-0253,2021-03-30,Client-052,GI Wire,4.41,Edge damage,VS08,0.19828728902867754,"[{""supplier_id"": ""VS19"", ""p"": 0.1983}, {""supplier_id"": ""VS12"", ""p"": 0.1796}, {""supplier_id"": ""VS03"", ""p"": 0.173}]",recorded,VS08,1.0,0.0
RET-0254,2023-01-03,Client-048,GI Sheets,2.09,Edge damage,,0.20499590965597678,"[{""supplier_id"": ""VS19"", ""p"": 0.205}, {""supplier_id"": ""VS12"", ""p"": 0.2034}, {""supplier_id"": ""VS03"", ""p"": 0.1607}]",inferred,VS19,0.20499590965597678,
RET-0255,2022-09-20,Client-075,Angles & Channels,0.55,Surface rust,,0.20661962001226816,"[{""supplier_id"": ""VS19"", ""p"": 0.2066}, {""supplier_id"": ""VS12"", ""p"": 0.189}, {""supplier_id"": ""VS03"", ""p"": 0.1791}]",inferred,VS19,0.20661962001226816,
RET-0256,2022-05-17,Client-042,MS Rods,2.35,Weight short,,0.2190959661650752,"[{""supplier_id"": ""VS19"", ""p"": 0.2191}, {""supplier_id"": ""VS12"", ""p"": 0.1745}, {""supplier_id"": ""VS03"", ""p"": 0.1699}]",inferred,VS19,0.2190959661650752,
RET-0257,2021-03-06,Client-023,MS Rods,2.15,Weight short,,0.1839695586382449,"[{""supplier_id"": ""VS19"", ""p"": 0.184}, {""supplier_id"": ""VS12"", ""p"": 0.1826}, {""supplier_id"": ""VS03"", ""p"": 0.1757}]",inferred,VS19,0.1839695586382449,
RET-0258,2021-12-19,Client-075,SS Sheets,2.06,Edge damage,,0.2021444579440964,"[{""supplier_id"": ""VS12"", ""p"": 0.2021}, {""supplier_id"": ""VS19"", ""p"": 0.1924}, {""supplier_id"": ""VS03"", ""p"": 0.1894}]",inferred,VS12,0.2021444579440964,
RET-0259,2021-09-24,Client-066,Hex Bars,2.82,Weight short,,0.20243747945805024,"[{""supplier_id"": ""VS19"", ""p"": 0.2024}, {""supplier_id"": ""VS03"", ""p"": 0.1967}, {""supplier_id"": ""VS12"", ""p"": 0.1936}]",inferred,VS19,0.20243747945805024,
RET-0260,2021-03-12,Client-039,GI Sheets,2.68,Weight short,,0.19875277784125278,"[{""supplier_id"": ""VS03"", ""p"": 0.1988}, {""supplier_id"": ""VS19"", ""p"": 0.1922}, {""supplier_id"": ""VS12"", ""p"": 0.1779}]",inferred,VS03,0.19875277784125278,
RET-0261,2021-11-09,Client-030,MS Rods,4.35,Grade mismatch,,0.20552461012154388,"[{""supplier_id"": ""VS19"", ""p"": 0.2055}, {""supplier_id"": ""VS12"", ""p"": 0.1984}, {""supplier_id"": ""VS03"", ""p"": 0.1692}]",inferred,VS19,0.20552461012154388,
RET-0262,2022-01-03,Client-002,MS Sheets,3.04,Edge damage,,0.20789841105072135,"[{""supplier_id"": ""VS03"", ""p"": 0.2079}, {""supplier_id"": ""VS19"", ""p"": 0.19}, {""supplier_id"": ""VS12"", ""p"": 0.1648}]",inferred,VS03,0.20789841105072135,
RET-0263,2022-04-17,Client-025,SS Pipes,1.45,Edge damage,,0.21469451495042044,"[{""supplier_id"": ""VS19"", ""p"": 0.2147}, {""supplier_id"": ""VS12"", ""p"": 0.1589}, {""supplier_id"": ""VS03"", ""p"": 0.1588}]",inferred,VS19,0.21469451495042044,
RET-0264,2023-07-20,Client-023,MS Pipes,1.78,Bend/warp,VS31,0.20833474495878646,"[{""supplier_id"": ""VS12"", ""p"": 0.2083}, {""supplier_id"": ""VS19"", ""p"": 0.1968}, {""supplier_id"": ""VS03"", ""p"": 0.1541}]",recorded,VS31,1.0,0.0
RET-0265,2023-10-21,Client-048,Square/Rect Tubes,3.24,Bend/warp,,0.199524104816307,"[{""supplier_id"": ""VS12"", ""p"": 0.1995}, {""supplier_id"": ""VS19"", ""p"": 0.1881}, {""supplier_id"": ""VS03"", ""p"": 0.1787}]",inferred,VS12,0.199524104816307,
RET-0266,2022-03-12,Client-013,Fasteners & Fittings,4.83,Surface rust,,0.2114815393276386,"[{""supplier_id"": ""VS12"", ""p"": 0.2115}, {""supplier_id"": ""VS19"", ""p"": 0.1843}, {""supplier_id"": ""VS03"", ""p"": 0.183}]",inferred,VS12,0.2114815393276386,
RET-0267,2022-05-29,Client-048,MS Rods,4.98,Grade mismatch,VS12,0.22157537398317742,"[{""supplier_id"": ""VS19"", ""p"": 0.2216}, {""supplier_id"": ""VS03"", ""p"": 0.1696}, {""supplier_id"": ""VS12"", ""p"": 0.1665}]",recorded,VS12,1.0,0.0
RET-0268,2022-03-20,Client-034,Square/Rect Tubes,4.36,Bend/warp,VS09,0.19550742090542872,"[{""supplier_id"": ""VS12"", ""p"": 0.1955}, {""supplier_id"": ""VS19"", ""p"": 0.193}, {""supplier_id"": ""VS03"", ""p"": 0.1717}]",recorded,VS09,1.0,0.0
RET-0269,2023-09-16,Client-040,SS Pipes,1.71,Bend/warp,VS31,0.21840610887576908,"[{""supplier_id"": ""VS12"", ""p"": 0.2184}, {""supplier_id"": ""VS19"", ""p"": 0.1941}, {""supplier_id"": ""VS03"", ""p"": 0.1593}]",recorded,VS31,1.0,0.0
RET-0270,2021-09-30,Client-039,Square/Rect Tubes,1.74,Edge damage,,0.2025034685465228,"[{""supplier_id"": ""VS12"", ""p"": 0.2025}, {""supplier_id"": ""VS03"", ""p"": 0.2001}, {""supplier_id"": ""VS19"", ""p"": 0.1804}]",inferred,VS12,0.2025034685465228,
RET-0271,2021-12-31,Client-038,Spring Steel,1.1,Edge damage,VS18,0.20044246047969322,"[{""supplier_id"": ""VS12"", ""p"": 0.2004}, {""supplier_id"": ""VS19"", ""p"": 0.1959}, {""supplier_id"": ""VS03"", ""p"": 0.1894}]",recorded,VS18,1.0,0.0
RET-0272,2023-03-14,Client-015,Fasteners & Fittings,1.25,Bend/warp,VS12,0.20229127953841378,"[{""supplier_id"": ""VS19"", ""p"": 0.2023}, {""supplier_id"": ""VS12"", ""p"": 0.1835}, {""supplier_id"": ""VS03"", ""p"": 0.1747}]",recorded,VS12,1.0,0.0
RET-0273,2022-08-06,Client-077,Spring Steel,4.95,Bend/warp,VS33,0.20078673618962434,"[{""supplier_id"": ""VS19"", ""p"": 0.2008}, {""supplier_id"": ""VS03"", ""p"": 0.1923}, {""supplier_id"": ""VS12"", ""p"": 0.1661}]",recorded,VS33,1.0,0.0
RET-0274,2021-02-16,Client-054,Hex Bars,1.24,Surface rust,VS34,0.20325523829045608,"[{""supplier_id"": ""VS19"", ""p"": 0.2033}, {""supplier_id"": ""VS03"", ""p"": 0.1554}, {""supplier_id"": ""VS12"", ""p"": 0.1553}]",recorded,VS34,1.0,0.0
RET-0275,2022-10-01,Client-041,ERW Pipes,2.96,Edge damage,VS16,0.19986706939887727,"[{""supplier_id"": ""VS12"", ""p"": 0.1999}, {""supplier_id"": ""VS19"", ""p"": 0.1923}, {""supplier_id"": ""VS03"", ""p"": 0.151}]",recorded,VS16,1.0,0.0
RET-0276,2022-09-07,Client-033,GI Pipes,2.39,Wrong dimensions,VS19,0.20641385115487085,"[{""supplier_id"": ""VS19"", ""p"": 0.2064}, {""supplier_id"": ""VS03"", ""p"": 0.1838}, {""supplier_id"": ""VS12"", ""p"": 0.1797}]",recorded,VS19,1.0,1.0
RET-0277,2023-08-16,Client-043,Square/Rect Tubes,3.66,Bend/warp,VS12,0.20624675271629236,"[{""supplier_id"": ""VS12"", ""p"": 0.2062}, {""supplier_id"": ""VS19"", ""p"": 0.1876}, {""supplier_id"": ""VS03"", ""p"": 0.1811}]",recorded,VS12,1.0,1.0
RET-0278,2021-06-10,Client-058,GI Pipes,4.15,Wrong dimensions,VS17,0.22970932673372943,"[{""supplier_id"": ""VS19"", ""p"": 0.2297}, {""supplier_id"": ""VS12"", ""p"": 0.1638}, {""supplier_id"": ""VS03"", ""p"": 0.1484}]",recorded,VS17,1.0,0.0
RET-0279,2022-08-21,Client-078,GI Pipes,1.3,Surface rust,VS03,0.20576995461279224,"[{""supplier_id"": ""VS19"", ""p"": 0.2058}, {""supplier_id"": ""VS03"", ""p"": 0.1852}, {""supplier_id"": ""VS12"", ""p"": 0.1794}]",recorded,VS03,1.0,0.0
RET-0280,2023-03-23,Client-021,MS Pipes,4.91,Surface rust,,0.23325411323915188,"[{""supplier_id"": ""VS12"", ""p"": 0.2333}, {""supplier_id"": ""VS19"", ""p"": 0.195}, {""supplier_id"": ""VS03"", ""p"": 0.1104}]",inferred,VS12,0.23325411323915188,
RET-0281,2023-05-28,Client-002,Hex Bars,2.84,Edge damage,VS08,0.2001290459665841,"[{""supplier_id"": ""VS19"", ""p"": 0.2001}, {""supplier_id"": ""VS12"", ""p"": 0.1998}, {""supplier_id"": ""VS03"", ""p"": 0.1446}]",recorded,VS08,1.0,0.0
RET-0282,2023-11-10,Client-060,Structural Steel,1.86,Surface rust,,0.22261461686061548,"[{""supplier_id"": ""VS12"", ""p"": 0.2226}, {""supplier_id"": ""VS19"", ""p"": 0.1858}, {""supplier_id"": ""VS03"", ""p"": 0.1508}]",inferred,VS12,0.22261461686061548,
RET-0283,2022-04-17,Client-057,MS Sheets,4.2,Bend/warp,VS26,0.198604425778824,"[{""supplier_id"": ""VS03"", ""p"": 0.1986}, {""supplier_id"": ""VS19"", ""p"": 0.1787}, {""supplier_id"": ""VS12"", ""p"": 0.1639}]",recorded,VS26,1.0,0.0
RET-0284,2022-10-16,Client-061,MS Rods,3.91,Surface rust,VS06,0.1936854605689291,"[{""supplier_id"": ""VS03"", ""p"": 0.1937}, {""supplier_id"": ""VS12"", ""p"": 0.1809}, {""supplier_id"": ""VS19"", ""p"": 0.1782}]",recorded,VS06,1.0,0.0
RET-0285,2022-02-06,Client-067,GI Wire,2.11,Bend/warp,VS12,0.21133150280088983,"[{""supplier_id"": ""VS12"", ""p"": 0.2113}, {""supplier_id"": ""VS19"", ""p"": 0.2104}, {""supplier_id"": ""VS03"", ""p"": 0.1518}]",recorded,VS12,1.0,1.0
RET-0286,2022-05-09,Client-015,Spring Steel,1.28,Wrong dimensions,,0.21687208388766596,"[{""supplier_id"": ""VS19"", ""p"": 0.2169}, {""supplier_id"": ""VS03"", ""p"": 0.1763}, {""supplier_id"": ""VS12"", ""p"": 0.163}]",inferred,VS19,0.21687208388766596,
RET-0287,2023-05-20,Client-066,Square/Rect Tubes,2.16,Surface rust,VS19,0.19920038100373852,"[{""supplier_id"": ""VS19"", ""p"": 0.1992}, {""supplier_id"": ""VS12"", ""p"": 0.1964}, {""supplier_id"": ""VS03"", ""p"": 0.1743}]",recorded,VS19,1.0,1.0
RET-0288,2023-05-05,Client-072,MS Rods,2.48,Surface rust,VS12,0.19119475230247182,"[{""supplier_id"": ""VS12"", ""p"": 0.1912}, {""supplier_id"": ""VS19"", ""p"": 0.1753}, {""supplier_id"": ""VS03"", ""p"": 0.1717}]",recorded,VS12,1.0,1.0
RET-0289,2022-05-06,Client-032,MS Rods,4.83,Edge damage,,0.21843466344674664,"[{""supplier_id"": ""VS19"", ""p"": 0.2184}, {""supplier_id"": ""VS12"", ""p"": 0.1757}, {""supplier_id"": ""VS03"", ""p"": 0.1725}]",inferred,VS19,0.21843466344674664,
RET-0290,2021-08-30,Client-048,Square/Rect Tubes,0.93,Grade mismatch,VS12,0.20111149673403136,"[{""supplier_id"": ""VS12"", ""p"": 0.2011}, {""supplier_id"": ""VS19"", ""p"": 0.1873}, {""supplier_id"": ""VS03"", ""p"": 0.1846}]",recorded,VS12,1.0,1.0
RET-0291,2021-07-06,Client-032,MS Sheets,4.6,Wrong dimensions,VS16,0.22278892536112663,"[{""supplier_id"": ""VS19"", ""p"": 0.2228}, {""supplier_id"": ""VS03"", ""p"": 0.1982}, {""supplier_id"": ""VS12"", ""p"": 0.1358}]",recorded,VS16,1.0,0.0
RET-0292,2021-03-20,Client-031,MS Sheets,4.31,Weight short,,0.2278277327880331,"[{""supplier_id"": ""VS03"", ""p"": 0.2278}, {""supplier_id"": ""VS19"", ""p"": 0.1924}, {""supplier_id"": ""VS12"", ""p"": 0.1225}]",inferred,VS03,0.2278277327880331,
RET-0293,2023-01-27,Client-076,MS Rods,0.29,Surface rust,VS27,0.1884042627069817,"[{""supplier_id"": ""VS03"", ""p"": 0.1884}, {""supplier_id"": ""VS12"", ""p"": 0.1881}, {""supplier_id"": ""VS19"", ""p"": 0.1794}]",recorded,VS27,1.0,0.0
RET-0294,2022-04-23,Client-017,GI Sheets,4.05,Surface rust,VS12,0.21600754758576668,"[{""supplier_id"": ""VS12"", ""p"": 0.216}, {""supplier_id"": ""VS03"", ""p"": 0.1926}, {""supplier_id"": ""VS19"", ""p"": 0.164}]",recorded,VS12,1.0,1.0
RET-0295,2021-10-09,Client-065,MS Flats,3.48,Edge damage,VS21,0.21179282550429823,"[{""supplier_id"": ""VS19"", ""p"": 0.2118}, {""supplier_id"": ""VS03"", ""p"": 0.2059}, {""supplier_id"": ""VS12"", ""p"": 0.1521}]",recorded,VS21,1.0,0.0
RET-0296,2023-09-04,Client-022,GI Wire,2.45,Edge damage,VS06,0.23051652988517976,"[{""supplier_id"": ""VS12"", ""p"": 0.2305}, {""supplier_id"": ""VS19"", ""p"": 0.1607}, {""supplier_id"": ""VS03"", ""p"": 0.1583}]",recorded,VS06,1.0,0.0
RET-0297,2022-03-11,Client-055,HR Coils,4.7,Grade mismatch,,0.21229708270496678,"[{""supplier_id"": ""VS19"", ""p"": 0.2123}, {""supplier_id"": ""VS12"", ""p"": 0.1722}, {""supplier_id"": ""VS03"", ""p"": 0.1652}]",inferred,VS19,0.21229708270496678,
RET-0298,2021-12-13,Client-032,MS Pipes,4.0,Bend/warp,VS12,0.21904560179266305,"[{""supplier_id"": ""VS03"", ""p"": 0.219}, {""supplier_id"": ""VS19"", ""p"": 0.1669}, {""supplier_id"": ""VS12"", ""p"": 0.1406}]",recorded,VS12,1.0,0.0
RET-0299,2023-03-16,Client-022,SS Pipes,4.43,Edge damage,VS19,0.21872985976749185,"[{""supplier_id"": ""VS12"", ""p"": 0.2187}, {""supplier_id"": ""VS03"", ""p"": 0.1799}, {""supplier_id"": ""VS19"", ""p"": 0.1713}]",recorded,VS19,1.0,0.0
RET-0300,2021-05-19,Client-027,GI Wire,0.48,Weight short,,0.2035980385625319,"[{""supplier_id"": ""VS19"", ""p"": 0.2036}, {""supplier_id"": ""VS03"", ""p"": 0.1803}, {""supplier_id"": ""VS12"", ""p"": 0.1801}]",inferred,VS19,0.2035980385625319,
RET-0301,2023-10-25,Client-047,HR Coils,4.15,Wrong dimensions,,0.20370692088104253,"[{""supplier_id"": ""VS12"", ""p"": 0.2037}, {""supplier_id"": ""VS19"", ""p"": 0.1896}, {""supplier_id"": ""VS03"", ""p"": 0.1771}]",inferred,VS12,0.20370692088104253,
RET-0302,2023-06-26,Client-036,Angles & Channels,2.2,Surface rust,,0.2159856759082713,"[{""supplier_id"": ""VS12"", ""p"": 0.216}, {""supplier_id"": ""VS19"", ""p"": 0.191}, {""supplier_id"": ""VS03"", ""p"": 0.1642}]",inferred,VS12,0.2159856759082713,
RET-0303,2021-06-06,Client-052,HR Coils,2.33,Wrong dimensions,VS18,0.20870034263470105,"[{""supplier_id"": ""VS19"", ""p"": 0.2087}, {""supplier_id"": ""VS03"", ""p"": 0.1745}, {""supplier_id"": ""VS12"", ""p"": 0.1476}]",recorded,VS18,1.0,0.0
RET-0304,2022-10-12,Client-065,GI Pipes,3.13,Edge damage,VS19,0.2052912992714061,"[{""supplier_id"": ""VS19"", ""p"": 0.2053}, {""supplier_id"": ""VS03"", ""p"": 0.1834}, {""supplier_id"": ""VS12"", ""p"": 0.1775}]",recorded,VS19,1.0,1.0
RET-0305,2021-09-22,Client-027,SS Sheets,1.76,Edge damage,,0.2101680307760837,"[{""supplier_id"": ""VS03"", ""p"": 0.2102}, {""supplier_id"": ""VS12"", ""p"": 0.1824}, {""supplier_id"": ""VS19"", ""p"": 0.1699}]",inferred,VS03,0.2101680307760837,
RET-0306,2022-02-03,Client-016,MS Flats,4.16,Grade mismatch,VS28,0.20522143987579952,"[{""supplier_id"": ""VS19"", ""p"": 0.2052}, {""supplier_id"": ""VS12"", ""p"": 0.1928}, {""supplier_id"": ""VS03"", ""p"": 0.1815}]",recorded,VS28,1.0,0.0
RET-0307,2023-06-15,Client-010,MS Pipes,4.19,Wrong dimensions,VS19,0.2123574250026473,"[{""supplier_id"": ""VS12"", ""p"": 0.2124}, {""supplier_id"": ""VS19"", ""p"": 0.1958}, {""supplier_id"": ""VS03"", ""p"": 0.1555}]",recorded,VS19,1.0,0.0
RET-0308,2023-12-04,Client-042,SS Sheets,4.25,Wrong dimensions,VS30,0.22068216059132637,"[{""supplier_id"": ""VS12"", ""p"": 0.2207}, {""supplier_id"": ""VS03"", ""p"": 0.1726}, {""supplier_id"": ""VS19"", ""p"": 0.1687}]",recorded,VS30,1.0,0.0
RET-0309,2022-07-11,Client-079,GI Pipes,0.53,Edge damage,,0.2226804072300891,"[{""supplier_id"": ""VS19"", ""p"": 0.2227}, {""supplier_id"": ""VS03"", ""p"": 0.189}, {""supplier_id"": ""VS12"", ""p"": 0.1518}]",inferred,VS19,0.2226804072300891,
RET-0310,2023-03-08,Client-033,Spring Steel,0.35,Weight short,VS09,0.19645700130865998,"[{""supplier_id"": ""VS19"", ""p"": 0.1965}, {""supplier_id"": ""VS03"", ""p"": 0.1902}, {""supplier_id"": ""VS12"", ""p"": 0.1686}]",recorded,VS09,1.0,0.0
RET-0311,2022-11-07,Client-009,CR Sheets,0.74,Bend/warp,VS12,0.2345767019706268,"[{""supplier_id"": ""VS12"", ""p"": 0.2346}, {""supplier_id"": ""VS03"", ""p"": 0.168}, {""supplier_id"": ""VS19"", ""p"": 0.1242}]",recorded,VS12,1.0,1.0
RET-0312,2023-07-02,Client-044,ERW Pipes,3.88,Bend/warp,,0.1999315475701469,"[{""supplier_id"": ""VS19"", ""p"": 0.1999}, {""supplier_id"": ""VS12"", ""p"": 0.18}, {""supplier_id"": ""VS03"", ""p"": 0.1707}]",inferred,VS19,0.1999315475701469,
RET-0313,2023-07-20,Client-029,Square/Rect Tubes,0.68,Grade mismatch,,0.19012916653118747,"[{""supplier_id"": ""VS12"", ""p"": 0.1901}, {""supplier_id"": ""VS19"", ""p"": 0.1897}, {""supplier_id"": ""VS03"", ""p"": 0.1869}]",inferred,VS12,0.19012916653118747,
RET-0314,2022-10-26,Client-034,HR Coils,4.47,Wrong dimensions,VS17,0.1889691712835919,"[{""supplier_id"": ""VS03"", ""p"": 0.189}, {""supplier_id"": ""VS12"", ""p"": 0.165}, {""supplier_id"": ""VS19"", ""p"": 0.1633}]",recorded,VS17,1.0,0.0
RET-0315,2022-11-18,Client-074,CR Sheets,4.95,Edge damage,VS04,0.2372455215516622,"[{""supplier_id"": ""VS12"", ""p"": 0.2372}, {""supplier_id"": ""VS03"", ""p"": 0.1673}, {""supplier_id"": ""VS19"", ""p"": 0.1198}]",recorded,VS04,1.0,0.0
RET-0316,2021-09-08,Client-060,Angles & Channels,2.84,Wrong dimensions,,0.20829359820422844,"[{""supplier_id"": ""VS03"", ""p"": 0.2083}, {""supplier_id"": ""VS19"", ""p"": 0.1948}, {""supplier_id"": ""VS12"", ""p"": 0.1916}]",inferred,VS03,0.20829359820422844,
RET-0317,2023-01-01,Client-030,GI Sheets,3.82,Edge damage,VS03,0.20512530123607034,"[{""supplier_id"": ""VS19"", ""p"": 0.2051}, {""supplier_id"": ""VS12"", ""p"": 0.2033}, {""supplier_id"": ""VS03"", ""p"": 0.1604}]",recorded,VS03,1.0,0.0
RET-0318,2022-04-04,Client-049,MS Sheets,0.8,Weight short,VS11,0.19746665839163072,"[{""supplier_id"": ""VS03"", ""p"": 0.1975}, {""supplier_id"": ""VS19"", ""p"": 0.1908}, {""supplier_id"": ""VS12"", ""p"": 0.161}]",recorded,VS11,1.0,0.0
RET-0319,2023-02-23,Client-018,Angles & Channels,4.45,Weight short,VS25,0.21272535088956054,"[{""supplier_id"": ""VS12"", ""p"": 0.2127}, {""supplier_id"": ""VS19"", ""p"": 0.1974}, {""supplier_id"": ""VS03"", ""p"": 0.1661}]",recorded,VS25,1.0,0.0
RET-0320,2023-03-02,Client-069,MS Rods,3.49,Wrong dimensions,VS29,0.19518130090376212,"[{""supplier_id"": ""VS19"", ""p"": 0.1952}, {""supplier_id"": ""VS12"", ""p"": 0.1877}, {""supplier_id"": ""VS03"", ""p"": 0.1805}]",recorded,VS29,1.0,0.0
RET-0321,2022-09-15,Client-044,GI Sheets,0.49,Grade mismatch,VS19,0.19349638992626828,"[{""supplier_id"": ""VS12"", ""p"": 0.1935}, {""supplier_id"": ""VS19"", ""p"": 0.1876}, {""supplier_id"": ""VS03"", ""p"": 0.1727}]",recorded,VS19,1.0,0.0
RET-0322,2023-01-24,Client-023,Fasteners & Fittings,3.95,Grade mismatch,VS34,0.20056398200883108,"[{""supplier_id"": ""VS19"", ""p"": 0.2006}, {""supplier_id"": ""VS12"", ""p"": 0.1954}, {""supplier_id"": ""VS03"", ""p"": 0.1806}]",recorded,VS34,1.0,0.0
RET-0323,2021-03-02,Client-065,MS Flats,1.29,Bend/warp,VS19,0.22607862559796935,"[{""supplier_id"": ""VS03"", ""p"": 0.2261}, {""supplier_id"": ""VS12"", ""p"": 0.1648}, {""supplier_id"": ""VS19"", ""p"": 0.1065}]",recorded,VS19,1.0,0.0
RET-0324,2021-02-24,Client-046,SS Pipes,3.19,Grade mismatch,VS28,0.18935400562572663,"[{""supplier_id"": ""VS19"", ""p"": 0.1894}, {""supplier_id"": ""VS03"", ""p"": 0.1886}, {""supplier_id"": ""VS12"", ""p"": 0.1428}]",recorded,VS28,1.0,0.0
RET-0325,2022-09-21,Client-057,MS Rods,3.79,Weight short,VS02,0.18783150625276618,"[{""supplier_id"": ""VS12"", ""p"": 0.1878}, {""supplier_id"": ""VS19"", ""p"": 0.1852}, {""supplier_id"": ""VS03"", ""p"": 0.1726}]",recorded,VS02,1.0,0.0
RET-0326,2021-12-19,Client-059,MS Flats,0.12,Wrong dimensions,VS25,0.2059132355346929,"[{""supplier_id"": ""VS19"", ""p"": 0.2059}, {""supplier_id"": ""VS03"", ""p"": 0.1987}, {""supplier_id"": ""VS12"", ""p"": 0.1643}]",recorded,VS25,1.0,0.0
RET-0327,2023-08-05,Client-057,ERW Pipes,1.85,Bend/warp,VS33,0.2037278421299313,"[{""supplier_id"": ""VS19"", ""p"": 0.2037}, {""supplier_id"": ""VS12"", ""p"": 0.1838}, {""supplier_id"": ""VS03"", ""p"": 0.1543}]",recorded,VS33,1.0,0.0
RET-0328,2021-05-20,Client-004,Spring Steel,2.48,Edge damage,VS09,0.22191104205114137,"[{""supplier_id"": ""VS03"", ""p"": 0.2219}, {""supplier_id"": ""VS19"", ""p"": 0.2066}, {""supplier_id"": ""VS12"", ""p"": 0.1411}]",recorded,VS09,1.0,0.0
RET-0329,2021-05-04,Client-006,CR Sheets,4.44,Weight short,,0.21542715108052707,"[{""supplier_id"": ""VS03"", ""p"": 0.2154}, {""supplier_id"": ""VS19"", ""p"": 0.1958}, {""supplier_id"": ""VS12"", ""p"": 0.1659}]",inferred,VS03,0.21542715108052707,
RET-0330,2021-03-14,Client-061,MS Rods,4.98,Wrong dimensions,VS17,0.19198128862769923,"[{""supplier_id"": ""VS19"", ""p"": 0.192}, {""supplier_id"": ""VS12"", ""p"": 0.1804}, {""supplier_id"": ""VS03"", ""p"": 0.18}]",recorded,VS17,1.0,0.0
RET-0331,2021-04-25,Client-034,Square/Rect Tubes,0.16,Bend/warp,,0.20829001658215734,"[{""supplier_id"": ""VS19"", ""p"": 0.2083}, {""supplier_id"": ""VS03"", ""p"": 0.1934}, {""supplier_id"": ""VS12"", ""p"": 0.1689}]",inferred,VS19,0.20829001658215734,
RET-0332,2021-08-26,Client-079,Structural Steel,3.77,Surface rust,,0.2062837134240374,"[{""supplier_id"": ""VS19"", ""p"": 0.2063}, {""supplier_id"": ""VS03"", ""p"": 0.2057}, {""supplier_id"": ""VS12"", ""p"": 0.1457}]",inferred,VS19,0.2062837134240374,
RET-0333,2022-02-05,Client-062,GI Pipes,4.56,Grade mismatch,VS26,0.20356049856656847,"[{""supplier_id"": ""VS03"", ""p"": 0.2036}, {""supplier_id"": ""VS19"", ""p"": 0.1918}, {""supplier_id"": ""VS12"", ""p"": 0.1481}]",recorded,VS26,1.0,0.0
RET-0334,2021-06-27,Client-016,MS Rods,4.48,Surface rust,VS17,0.19976432390823848,"[{""supplier_id"": ""VS03"", ""p"": 0.1998}, {""supplier_id"": ""VS19"", ""p"": 0.1942}, {""supplier_id"": ""VS12"", ""p"": 0.1708}]",recorded,VS17,1.0,0.0
RET-0335,2023-04-14,Client-061,GI Wire,0.42,Surface rust,VS18,0.21145212321623727,"[{""supplier_id"": ""VS12"", ""p"": 0.2115}, {""supplier_id"": ""VS03"", ""p"": 0.1797}, {""supplier_id"": ""VS19"", ""p"": 0.1778}]",recorded,VS18,1.0,0.0
RET-0336,2022-04-26,Client-053,Angles & Channels,1.9,Edge damage,VS12,0.19776634232770007,"[{""supplier_id"": ""VS12"", ""p"": 0.1978}, {""supplier_id"": ""VS19"", ""p"": 0.1974}, {""supplier_id"": ""VS03"", ""p"": 0.1806}]",recorded,VS12,1.0,1.0
RET-0337,2022-06-22,Client-001,ERW Pipes,3.29,Surface rust,VS13,0.19844567910825303,"[{""supplier_id"": ""VS03"", ""p"": 0.1984}, {""supplier_id"": ""VS12"", ""p"": 0.182}, {""supplier_id"": ""VS19"", ""p"": 0.1749}]",recorded,VS13,1.0,0.0
RET-0338,2021-07-13,Client-042,Hex Bars,0.88,Grade mismatch,VS03,0.21269573827489602,"[{""supplier_id"": ""VS19"", ""p"": 0.2127}, {""supplier_id"": ""VS03"", ""p"": 0.2012}, {""supplier_id"": ""VS12"", ""p"": 0.179}]",recorded,VS03,1.0,0.0
RET-0339,2021-06-01,Client-049,Structural Steel,4.39,Edge damage,VS19,0.20268712621286236,"[{""supplier_id"": ""VS03"", ""p"": 0.2027}, {""supplier_id"": ""VS19"", ""p"": 0.2009}, {""supplier_id"": ""VS12"", ""p"": 0.1325}]",recorded,VS19,1.0,0.0
RET-0340,2022-04-07,Client-037,GI Pipes,0.83,Edge damage,,0.20192690481020376,"[{""supplier_id"": ""VS03"", ""p"": 0.2019}, {""supplier_id"": ""VS19"", ""p"": 0.196}, {""supplier_id"": ""VS12"", ""p"": 0.1456}]",inferred,VS03,0.20192690481020376,
RET-0341,2023-04-25,Client-038,Structural Steel,1.97,Edge damage,,0.20910621479607938,"[{""supplier_id"": ""VS12"", ""p"": 0.2091}, {""supplier_id"": ""VS19"", ""p"": 0.1939}, {""supplier_id"": ""VS03"", ""p"": 0.1755}]",inferred,VS12,0.20910621479607938,
RET-0342,2022-08-29,Client-006,Structural Steel,3.97,Surface rust,VS12,0.19755033224181084,"[{""supplier_id"": ""VS12"", ""p"": 0.1976}, {""supplier_id"": ""VS19"", ""p"": 0.1698}, {""supplier_id"": ""VS03"", ""p"": 0.1603}]",recorded,VS12,1.0,1.0
RET-0343,2022-05-31,Client-068,Structural Steel,4.44,Wrong dimensions,,0.20167636691033067,"[{""supplier_id"": ""VS19"", ""p"": 0.2017}, {""supplier_id"": ""VS03"", ""p"": 0.1988}, {""supplier_id"": ""VS12"", ""p"": 0.1718}]",inferred,VS19,0.20167636691033067,
RET-0344,2021-10-08,Client-058,Spring Steel,0.89,Grade mismatch,,0.20141025042122765,"[{""supplier_id"": ""VS19"", ""p"": 0.2014}, {""supplier_id"": ""VS03"", ""p"": 0.1959}, {""supplier_id"": ""VS12"", ""p"": 0.1955}]",inferred,VS19,0.20141025042122765,
RET-0345,2022-07-11,Client-013,Structural Steel,3.31,Bend/warp,,0.19460722749104079,"[{""supplier_id"": ""VS12"", ""p"": 0.1946}, {""supplier_id"": ""VS19"", ""p"": 0.1904}, {""supplier_id"": ""VS03"", ""p"": 0.1672}]",inferred,VS12,0.19460722749104079,
RET-0346,2023-01-07,Client-054,MS Rods,3.73,Grade mismatch,VS19,0.18989027458384705,"[{""supplier_id"": ""VS12"", ""p"": 0.1899}, {""supplier_id"": ""VS03"", ""p"": 0.1891}, {""supplier_id"": ""VS19"", ""p"": 0.184}]",recorded,VS19,1.0,0.0
RET-0347,2023-08-19,Client-028,Angles & Channels,4.05,Wrong dimensions,VS03,0.2231118900286638,"[{""supplier_id"": ""VS12"", ""p"": 0.2231}, {""supplier_id"": ""VS19"", ""p"": 0.1984}, {""supplier_id"": ""VS03"", ""p"": 0.1344}]",recorded,VS03,1.0,0.0
RET-0348,2023-09-02,Client-062,MS Flats,4.67,Surface rust,VS18,0.22430368809519202,"[{""supplier_id"": ""VS12"", ""p"": 0.2243}, {""supplier_id"": ""VS19"", ""p"": 0.1972}, {""supplier_id"": ""VS03"", ""p"": 0.1362}]",recorded,VS18,1.0,0.0
RET-0349,2021-03-14,Client-067,GI Sheets,1.48,Edge damage,VS31,0.20075287631253158,"[{""supplier_id"": ""VS03"", ""p"": 0.2008}, {""supplier_id"": ""VS19"", ""p"": 0.1925}, {""supplier_id"": ""VS12"", ""p"": 0.1778}]",recorded,VS31,1.0,0.0
RET-0350,2022-11-06,Client-068,MS Sheets,0.12,Weight short,VS03,0.21107645424765464,"[{""supplier_id"": ""VS12"", ""p"": 0.2111}, {""supplier_id"": ""VS19"", ""p"": 0.1849}, {""supplier_id"": ""VS03"", ""p"": 0.1513}]",recorded,VS03,1.0,0.0
RET-0351,2022-03-03,Client-033,CR Sheets,3.1,Grade mismatch,,0.2198271783161849,"[{""supplier_id"": ""VS12"", ""p"": 0.2198}, {""supplier_id"": ""VS03"", ""p"": 0.1968}, {""supplier_id"": ""VS19"", ""p"": 0.1389}]",inferred,VS12,0.2198271783161849,
RET-0352,2023-09-06,Client-050,GI Pipes,4.77,Bend/warp,,0.22118829917191557,"[{""supplier_id"": ""VS12"", ""p"": 0.2212}, {""supplier_id"": ""VS03"", ""p"": 0.1769}, {""supplier_id"": ""VS19"", ""p"": 0.1711}]",inferred,VS12,0.22118829917191557,
RET-0353,2022-07-21,Client-078,Fasteners & Fittings,2.23,Weight short,VS19,0.21378016855447354,"[{""supplier_id"": ""VS19"", ""p"": 0.2138}, {""supplier_id"": ""VS12"", ""p"": 0.2074}, {""supplier_id"": ""VS03"", ""p"": 0.1704}]",recorded,VS19,1.0,1.0
RET-0354,2021-08-02,Client-043,GI Wire,0.5,Bend/warp,VS03,0.21627666169134235,"[{""supplier_id"": ""VS19"", ""p"": 0.2163}, {""supplier_id"": ""VS12"", ""p"": 0.1846}, {""supplier_id"": ""VS03"", ""p"": 0.1751}]",recorded,VS03,1.0,0.0
RET-0355,2021-11-15,Client-064,GI Sheets,0.9,Bend/warp,VS12,0.207728009503437,"[{""supplier_id"": ""VS03"", ""p"": 0.2077}, {""supplier_id"": ""VS19"", ""p"": 0.1898}, {""supplier_id"": ""VS12"", ""p"": 0.1879}]",recorded,VS12,1.0,0.0
RET-0356,2022-01-24,Client-003,MS Rods,2.77,Surface rust,VS16,0.20297355715779028,"[{""supplier_id"": ""VS19"", ""p"": 0.203}, {""supplier_id"": ""VS12"", ""p"": 0.198}, {""supplier_id"": ""VS03"", ""p"": 0.1781}]",recorded,VS16,1.0,0.0
RET-0357,2022-07-13,Client-068,Spring Steel,4.46,Grade mismatch,VS01,0.21716656069682536,"[{""supplier_id"": ""VS19"", ""p"": 0.2172}, {""supplier_id"": ""VS03"", ""p"": 0.1859}, {""supplier_id"": ""VS12"", ""p"": 0.1704}]",recorded,VS01,1.0,0.0
RET-0358,2021-07-11,Client-064,ERW Pipes,0.2,Weight short,VS12,0.2122992335101234,"[{""supplier_id"": ""VS19"", ""p"": 0.2123}, {""supplier_id"": ""VS03"", ""p"": 0.1881}, {""supplier_id"": ""VS12"", ""p"": 0.178}]",recorded,VS12,1.0,0.0
RET-0359,2022-05-20,Client-059,GI Pipes,4.62,Wrong dimensions,,0.22025415455191674,"[{""supplier_id"": ""VS19"", ""p"": 0.2203}, {""supplier_id"": ""VS03"", ""p"": 0.1911}, {""supplier_id"": ""VS12"", ""p"": 0.1487}]",inferred,VS19,0.22025415455191674,
RET-0360,2021-10-31,Client-066,Fasteners & Fittings,0.62,Grade mismatch,VS12,0.2131926892734594,"[{""supplier_id"": ""VS03"", ""p"": 0.2132}, {""supplier_id"": ""VS12"", ""p"": 0.1961}, {""supplier_id"": ""VS19"", ""p"": 0.1783}]",recorded,VS12,1.0,0.0
RET-0361,2021-08-13,Client-029,Fasteners & Fittings,4.57,Wrong dimensions,,0.2082049444792652,"[{""supplier_id"": ""VS03"", ""p"": 0.2082}, {""supplier_id"": ""VS19"", ""p"": 0.1842}, {""supplier_id"": ""VS12"", ""p"": 0.1813}]",inferred,VS03,0.2082049444792652,
RET-0362,2021-12-08,Client-057,GI Wire,0.66,Surface rust,VS19,0.20575463729410287,"[{""supplier_id"": ""VS12"", ""p"": 0.2058}, {""supplier_id"": ""VS03"", ""p"": 0.1834}, {""supplier_id"": ""VS19"", ""p"": 0.1819}]",recorded,VS19,1.0,0.0
RET-0363,2021-02-13,Client-055,MS Rods,1.44,Edge damage,VS34,0.1961075167490324,"[{""supplier_id"": ""VS19"", ""p"": 0.1961}, {""supplier_id"": ""VS12"", ""p"": 0.1498}, {""supplier_id"": ""VS03"", ""p"": 0.147}]",recorded,VS34,1.0,0.0
RET-0364,2021-08-25,Client-044,SS Sheets,4.39,Weight short,VS03,0.21263331811778902,"[{""supplier_id"": ""VS03"", ""p"": 0.2126}, {""supplier_id"": ""VS12"", ""p"": 0.184}, {""supplier_id"": ""VS19"", ""p"": 0.1636}]",recorded,VS03,1.0,1.0
RET-0365,2022-12-19,Client-023,GI Sheets,1.78,Weight short,VS19,0.20604975830679192,"[{""supplier_id"": ""VS12"", ""p"": 0.206}, {""supplier_id"": ""VS19"", ""p"": 0.2018}, {""supplier_id"": ""VS03"", ""p"": 0.1614}]",recorded,VS19,1.0,0.0
RET-0366,2023-03-19,Client-061,Spring Steel,4.08,Wrong dimensions,VS32,0.19493357892547541,"[{""supplier_id"": ""VS19"", ""p"": 0.1949}, {""supplier_id"": ""VS03"", ""p"": 0.19}, {""supplier_id"": ""VS12"", ""p"": 0.163}]",recorded,VS32,1.0,0.0
RET-0367,2023-03-07,Client-004,SS Pipes,1.2,Wrong dimensions,VS12,0.21769655083668227,"[{""supplier_id"": ""VS12"", ""p"": 0.2177}, {""supplier_id"": ""VS03"", ""p"": 0.1791}, {""supplier_id"": ""VS19"", ""p"": 0.1736}]",recorded,VS12,1.0,1.0
RET-0368,2022-06-25,Client-012,Structural Steel,1.4,Edge damage,,0.19951497703873503,"[{""supplier_id"": ""VS19"", ""p"": 0.1995}, {""supplier_id"": ""VS12"", ""p"": 0.1925}, {""supplier_id"": ""VS03"", ""p"": 0.1662}]",inferred,VS19,0.19951497703873503,
RET-0369,2023-01-23,Client-044,GI Pipes,3.26,Surface rust,VS05,0.19119545154428486,"[{""supplier_id"": ""VS03"", ""p"": 0.1912}, {""supplier_id"": ""VS12"", ""p"": 0.181}, {""supplier_id"": ""VS19"", ""p"": 0.1782}]",recorded,VS05,1.0,0.0
RET-0370,2023-03-20,Client-039,HR Coils,2.49,Bend/warp,,0.214110932285291,"[{""supplier_id"": ""VS12"", ""p"": 0.2141}, {""supplier_id"": ""VS19"", ""p"": 0.1949}, {""supplier_id"": ""VS03"", ""p"": 0.1639}]",inferred,VS12,0.214110932285291,
RET-0371,2023-06-07,Client-077,SS Pipes,4.89,Weight short,VS24,0.22183389015806848,"[{""supplier_id"": ""VS12"", ""p"": 0.2218}, {""supplier_id"": ""VS03"", ""p"": 0.1756}, {""supplier_id"": ""VS19"", ""p"": 0.1638}]",recorded,VS24,1.0,0.0
RET-0372,2022-05-16,Client-037,HR Coils,0.55,Wrong dimensions,VS33,0.20101136045736331,"[{""supplier_id"": ""VS19"", ""p"": 0.201}, {""supplier_id"": ""VS03"", ""p"": 0.192}, {""supplier_id"": ""VS12"", ""p"": 0.1717}]",recorded,VS33,1.0,0.0
RET-0373,2021-03-07,Client-065,GI Wire,0.53,Edge damage,VS19,0.19783611046694022,"[{""supplier_id"": ""VS12"", ""p"": 0.1978}, {""supplier_id"": ""VS19"", ""p"": 0.1943}, {""supplier_id"": ""VS03"", ""p"": 0.1151}]",recorded,VS19,1.0,0.0
RET-0374,2023-05-17,Client-003,MS Rods,4.85,Grade mismatch,VS03,0.19425815197905866,"[{""supplier_id"": ""VS12"", ""p"": 0.1943}, {""supplier_id"": ""VS19"", ""p"": 0.176}, {""supplier_id"": ""VS03"", ""p"": 0.172}]",recorded,VS03,1.0,0.0
RET-0375,2023-01-20,Client-033,SS Pipes,4.66,Weight short,VS14,0.213946876955758,"[{""supplier_id"": ""VS12"", ""p"": 0.2139}, {""supplier_id"": ""VS19"", ""p"": 0.1934}, {""supplier_id"": ""VS03"", ""p"": 0.174}]",recorded,VS14,1.0,0.0
RET-0376,2022-03-26,Client-067,GI Wire,0.4,Grade mismatch,VS12,0.20969452938186342,"[{""supplier_id"": ""VS19"", ""p"": 0.2097}, {""supplier_id"": ""VS12"", ""p"": 0.2027}, {""supplier_id"": ""VS03"", ""p"": 0.1649}]",recorded,VS12,1.0,0.0
RET-0377,2022-06-24,Client-033,SS Sheets,0.56,Bend/warp,VS12,0.19844182326762824,"[{""supplier_id"": ""VS19"", ""p"": 0.1984}, {""supplier_id"": ""VS12"", ""p"": 0.1885}, {""supplier_id"": ""VS03"", ""p"": 0.1596}]",recorded,VS12,1.0,0.0
RET-0378,2021-11-22,Client-037,ERW Pipes,1.28,Grade mismatch,VS32,0.20237918843701383,"[{""supplier_id"": ""VS19"", ""p"": 0.2024}, {""supplier_id"": ""VS12"", ""p"": 0.1959}, {""supplier_id"": ""VS03"", ""p"": 0.1707}]",recorded,VS32,1.0,0.0
RET-0379,2023-11-20,Client-025,SS Sheets,0.79,Grade mismatch,,0.21834136125780368,"[{""supplier_id"": ""VS12"", ""p"": 0.2183}, {""supplier_id"": ""VS03"", ""p"": 0.178}, {""supplier_id"": ""VS19"", ""p"": 0.1746}]",inferred,VS12,0.21834136125780368,
